track,artist,popularity,danceability,energy,key,loudness,mode,speechiness,acousticness,instrumentalness,liveness,valence,tempo,duration_ms,time_signature
As It Was,Harry Styles,100,0.52,0.731,6,-5.338,0,0.0557,0.342,0.00101,0.311,0.662,173.93,167303,4
Heat Waves,Glass Animals,90,0.761,0.525,11,-6.9,1,0.0944,0.44,6.7e-06,0.0921,0.531,80.87,238805,4
Big Energy,Latto,83,0.935,0.807,11,-3.838,0,0.114,0.0514,0,0.349,0.813,106.017,173182,4
STAY (with Justin Bieber),"The Kid LAROI,Justin Bieber",95,0.591,0.764,1,-5.484,1,0.0483,0.0383,0,0.103,0.478,169.928,141806,4
Enemy (with JID) - from the series Arcane League of Legends,"Imagine Dragons,JID,Arcane,League of Legends",96,0.728,0.783,11,-4.424,0,0.266,0.237,0,0.434,0.555,77.011,173381,4
Super Gremlin,Kodak Black,88,0.825,0.414,2,-6.634,1,0.144,0.00265,0,0.357,0.106,72.993,200548,4
Ghost,Justin Bieber,93,0.601,0.741,2,-5.569,1,0.0478,0.185,2.91e-05,0.415,0.441,153.96,153190,4
Woman,Doja Cat,95,0.824,0.764,5,-4.175,0,0.0854,0.0888,0.00294,0.117,0.881,107.998,172627,4
abcdefu,GAYLE,97,0.695,0.54,4,-5.692,1,0.0493,0.299,0,0.367,0.415,121.932,168602,4
THATS WHAT I WANT,Lil Nas X,95,0.737,0.846,1,-4.51,0,0.22,0.00614,0,0.0486,0.546,87.981,143901,4
We Don't Talk About Bruno,"Carolina Gaitán - La Gaita,Mauro Castillo,Adassa,Rhenzy Feliz,Diane Guerrero,Stephanie Beatriz,Encanto - Cast",93,0.577,0.45,0,-8.516,0,0.0834,0.357,0,0.111,0.83,205.863,216120,4
Bad Habits,Ed Sheeran,94,0.807,0.893,11,-3.745,0,0.0347,0.0451,2.79e-05,0.366,0.537,126.011,230747,4
Shivers,Ed Sheeran,94,0.788,0.859,2,-2.724,1,0.0856,0.281,0,0.0424,0.822,141.02,207853,4
Easy On Me,Adele,92,0.604,0.366,5,-7.519,1,0.0282,0.578,0,0.133,0.13,141.981,224695,4
Cold Heart - PNAU Remix,"Elton John,Dua Lipa,PNAU",94,0.796,0.798,1,-6.312,1,0.0317,0.034,4.19e-05,0.0952,0.942,116.032,202735,4
Need to Know,Doja Cat,92,0.664,0.609,1,-6.509,1,0.0707,0.304,0,0.0926,0.194,130.041,210560,4
Levitating (feat. DaBaby),"Dua Lipa,DaBaby",89,0.702,0.825,6,-3.787,0,0.0601,0.00883,0,0.0674,0.915,102.977,203064,4
Save Your Tears,The Weeknd,91,0.68,0.826,0,-5.487,1,0.0309,0.0212,1.24e-05,0.543,0.644,118.051,215627,4
One Right Now (with The Weeknd),"Post Malone,The Weeknd",90,0.687,0.781,1,-4.806,1,0.053,0.0361,0,0.0755,0.688,97.014,193507,4
INDUSTRY BABY (feat. Jack Harlow),"Lil Nas X,Jack Harlow",93,0.736,0.704,3,-7.409,0,0.0615,0.0203,0,0.0501,0.894,149.995,212000,4
'Til You Can't,Cody Johnson,79,0.501,0.815,1,-4.865,1,0.0436,0.0513,0,0.106,0.46,160.087,224213,4
good 4 u,Olivia Rodrigo,94,0.563,0.664,9,-5.044,1,0.154,0.335,0,0.0849,0.688,166.928,178147,4
Hrs & Hrs,Muni Long,75,0.523,0.521,6,-4.746,1,0.159,0.607,0,0.107,0.661,133.953,204317,3
I Hate U,SZA,87,0.535,0.388,7,-9.805,0,0.155,0.507,0,0.11,0.412,106.703,174000,5
pushin P (feat. Young Thug),"Gunna,Future,Young Thug",90,0.773,0.422,1,-4.572,0,0.187,0.00783,0.00693,0.129,0.488,77.502,136267,1
MAMIII,"Becky G,KAROL G",96,0.843,0.7,4,-3.563,0,0.0803,0.0934,0,0.14,0.899,93.991,226088,4
Doin' This,Luke Combs,79,0.593,0.552,1,-5.838,1,0.028,0.18,1.71e-05,0.11,0.39,115.0,254181,4
Bam Bam (feat. Ed Sheeran),"Camila Cabello,Ed Sheeran",94,0.756,0.697,8,-6.377,1,0.0401,0.182,0,0.333,0.956,94.996,206071,4
Fingers Crossed,Lauren Spencer-Smith,89,0.56,0.473,5,-7.23,1,0.0533,0.618,0,0.31,0.441,109.414,175345,4
Sweetest Pie,"Megan Thee Stallion,Dua Lipa",90,0.814,0.628,7,-7.178,1,0.221,0.167,0,0.101,0.677,123.977,201334,4
Light Switch,Charlie Puth,90,0.69,0.626,6,-5.693,1,0.306,0.105,0.000335,0.0881,0.912,184.009,185681,4
You Right,"Doja Cat,The Weeknd",89,0.828,0.621,8,-6.414,1,0.0565,0.0164,0.00233,0.0845,0.436,128.986,186173,4
In My Head,Lil Tjay,87,0.684,0.545,1,-6.885,1,0.121,0.159,0,0.102,0.407,143.049,135264,4
Never Say Never (with Lainey Wilson),"Cole Swindell,Lainey Wilson",74,0.472,0.937,0,-4.028,0,0.0567,0.00717,0,0.11,0.454,140.073,176147,4
AA,Walker Hayes,74,0.635,0.747,4,-6.227,1,0.0293,0.00313,0,0.346,0.753,104.027,189560,4
Fancy Like,Walker Hayes,73,0.647,0.765,1,-6.459,1,0.06,0.111,0,0.315,0.855,79.994,161853,4
Drunk (And I Don't Wanna Go Home),"Elle King,Miranda Lambert",78,0.612,0.884,5,-4.4,1,0.0459,0.00516,0,0.0997,0.626,119.991,245626,4
When You're Gone,Shawn Mendes,88,0.603,0.691,5,-5.805,1,0.0372,0.0248,0,0.583,0.577,147.148,172267,4
Buy Dirt,"Jordan Davis,Luke Bryan",82,0.586,0.559,4,-6.725,1,0.05,0.639,0,0.0872,0.437,177.945,167480,4
Boyfriend,Dove Cameron,94,0.345,0.612,7,-6.543,0,0.0608,0.232,0,0.194,0.232,179.773,153000,3
What Happened To Virgil (feat. Gunna),"Lil Durk,Gunna",81,0.795,0.526,6,-9.086,0,0.204,0.067,2e-06,0.134,0.194,140.037,181393,4
Wasted On You,Morgan Wallen,82,0.505,0.657,11,-5.24,0,0.0318,0.373,0.00107,0.126,0.252,196.0,178520,3
Slow Down Summer,Thomas Rhett,75,0.464,0.755,4,-5.707,1,0.0354,0.00838,0,0.0989,0.449,155.973,216764,4
Beers On Me,"Dierks Bentley,BRELAND,HARDY",77,0.59,0.846,4,-4.251,1,0.0396,0.182,0,0.53,0.733,146.028,174681,4
Sand In My Boots,Morgan Wallen,80,0.403,0.537,3,-6.628,1,0.031,0.59,0,0.112,0.414,69.877,202133,4
she's all i wanna be,Tate McRae,91,0.614,0.644,2,-5.372,0,0.0426,0.0134,7.07e-06,0.117,0.651,160.036,206772,4
Numb Little Bug,Em Beihold,89,0.742,0.527,8,-6.892,0,0.0769,0.327,0,0.25,0.638,84.974,169238,4
love nwantiti (ah ah ah),CKay,91,0.727,0.739,8,-3.805,1,0.0411,0.365,0.00137,0.161,0.533,93.005,145800,4
The Motto,"Tiësto,Ava Max",94,0.754,0.763,7,-4.627,0,0.0435,0.0301,2.23e-05,0.0901,0.464,117.953,164819,4
TO THE MOON,"Jnr Choi,Sam Tompkins",89,0.745,0.65,2,-11.814,1,0.346,0.0451,0.00758,0.111,0.386,144.047,152137,4
Surface Pressure,Jessica Darrow,88,0.65,0.584,2,-8.286,1,0.307,0.0174,1.54e-06,0.042,0.37,180.088,202227,4
23,Sam Hunt,76,0.641,0.78,3,-5.138,1,0.0852,0.0206,0,0.143,0.693,98.004,179720,4
Peru,"Fireboy DML,Ed Sheeran",84,0.956,0.417,7,-7.892,0,0.0926,0.572,0.00071,0.0782,0.714,108.015,187111,4
Circles Around This Town,Maren Morris,75,0.591,0.814,4,-4.986,1,0.0468,0.015,0,0.117,0.815,149.9,195760,4
AHHH HA,Lil Durk,80,0.676,0.61,1,-9.185,1,0.273,0.000114,1.73e-06,0.191,0.519,156.005,186538,4
No Love (with SZA),"Summer Walker,SZA",81,0.707,0.618,1,-5.825,0,0.19,0.17,0,0.293,0.517,133.876,231498,4
Soy El Unico,Yahritza Y Su Esencia,85,0.708,0.449,4,-4.369,0,0.0286,0.451,0,0.111,0.63,84.396,214000,1
Nail Tech,Jack Harlow,89,0.647,0.581,4,-7.678,0,0.0884,0.0029,7.76e-06,0.119,0.113,150.149,206385,4
Nobody Like U,"4*TOWN (From Disney and Pixar’s Turning Red),Jordan Fisher,Finneas O'Connell,Josh Levi,Topher Ngo,Grayson Villanueva",84,0.905,0.631,9,-10.06,0,0.177,0.129,0,0.101,0.751,105.026,160947,4
Broadway Girls (feat. Morgan Wallen),"Lil Durk,Morgan Wallen",82,0.659,0.745,10,-3.599,1,0.0347,0.0417,0,0.296,0.54,74.967,185600,4
Heart On Fire,Eric Church,69,0.653,0.927,8,-4.699,1,0.0289,0.0352,4.47e-05,0.0966,0.894,119.97,258800,4
Me or Sum (feat. Future & Lil Baby),"Nardo Wick,Future,Lil Baby",80,0.534,0.573,1,-6.757,1,0.414,0.00926,0,0.136,0.373,160.333,225533,4
Never Wanted To Be That Girl,"Carly Pearce,Ashley McBryde",71,0.553,0.609,1,-6.436,1,0.0469,0.151,0,0.112,0.471,73.903,214416,4
Flower Shops (feat. Morgan Wallen),"ERNEST,Morgan Wallen",79,0.527,0.461,7,-5.908,1,0.0269,0.118,0,0.0831,0.227,128.153,214405,3
Freaky Deaky,"Tyga,Doja Cat",86,0.799,0.653,2,-5.453,0,0.037,0.019,0,0.0935,0.236,104.019,215281,4
The Family Madrigal,"Stephanie Beatriz,Olga Merediz,Encanto - Cast",87,0.594,0.628,1,-6.345,1,0.359,0.12,0,0.0582,0.556,141.391,257213,4
Thinking with My Dick (feat. Juicy J),"Kevin Gates,Juicy J",84,0.77,0.699,0,-6.59,1,0.199,0.0596,1.65e-05,0.17,0.696,81.003,165315,4
Do We Have A Problem?,"Nicki Minaj,Lil Baby",82,0.842,0.505,1,-8.627,0,0.402,0.472,0.000322,0.117,0.538,119.993,207065,4
If I Was a Cowboy,Miranda Lambert,77,0.575,0.644,6,-5.68,0,0.0309,0.271,0,0.131,0.626,80.07,195013,4
Envolver,Anitta,96,0.812,0.736,4,-5.421,0,0.0833,0.152,0.00254,0.0914,0.396,91.993,193806,4
Stick (with JID & J. Cole feat. Kenny Mason & Sheck Wes),"Dreamville,JID,J. Cole,Kenny Mason,Sheck Wes",77,0.708,0.83,7,-5.676,1,0.282,0.356,0,0.749,0.595,118.495,309323,4
Trouble With A Heartbreak,Jason Aldean,74,0.582,0.797,5,-4.926,1,0.0334,0.23,0,0.132,0.595,135.973,196027,4
HANDSOMER (Remix) (Feat. Ktlyn),"Russ,Ktlyn",81,0.891,0.62,8,-6.822,1,0.157,0.176,1.59e-06,0.103,0.535,82.035,143415,4
Rumors (feat. Lil Durk),"Gucci Mane,Lil Durk",82,0.688,0.842,2,-4.211,1,0.264,0.0499,0,0.241,0.416,159.897,185856,4
To Be Loved By You,Parker McCollum,70,0.473,0.802,10,-4.497,1,0.037,0.00036,0,0.304,0.453,145.983,198324,4
Dos Oruguitas,Sebastian Yatra,83,0.423,0.355,0,-10.565,1,0.0454,0.761,0,0.0915,0.465,93.788,214613,4
GIVE HEAVEN SOME HELL,HARDY,75,0.639,0.843,11,-4.975,1,0.0362,0.0525,0,0.0854,0.528,126.047,217802,4
Banking On Me,Gunna,84,0.793,0.308,0,-10.414,0,0.0466,0.613,1.68e-05,0.0953,0.46,135.143,200000,4
P power (feat. Drake),"Gunna,Drake",84,0.828,0.591,1,-6.217,1,0.109,0.0199,0.000323,0.361,0.202,119.251,193347,4
make up sex (feat. blackbear),"Machine Gun Kelly,blackbear",83,0.665,0.678,5,-4.122,0,0.0315,0.00156,0,0.474,0.682,131.986,122570,4
Come Back As A Country Boy,Blake Shelton,65,0.487,0.796,7,-3.9,0,0.0339,0.0197,0.000192,0.327,0.44,76.037,221693,4
Damn Strait,Scotty McCreery,63,0.523,0.64,4,-6.15,1,0.0295,0.0512,5.52e-05,0.0675,0.48,144.022,230227,4
Petty Too (feat. Future),"Lil Durk,Future",79,0.824,0.577,2,-9.443,1,0.357,0.0109,0,0.107,0.442,154.081,159927,4
I Hate YoungBoy,YoungBoy Never Broke Again,74,0.584,0.756,10,-6.245,0,0.362,0.0266,0,0.36,0.728,165.269,261818,4
Over,Lucky Daye,82,0.677,0.541,6,-6.057,0,0.0571,0.48,0,0.125,0.379,103.369,205276,4
She Likes It (feat. Jake Scott),"Russell Dickerson,Jake Scott",77,0.79,0.325,4,-11.689,1,0.127,0.509,0,0.155,0.539,126.877,163311,4
Pressure,Ari Lennox,71,0.85,0.658,0,-5.558,1,0.221,0.139,0,0.063,0.832,144.445,193279,4
Take My Name,Parmalee,70,0.559,0.66,7,-4.143,1,0.0512,0.222,0,0.193,0.574,163.957,157907,4
I Love You So,The Walters,94,0.575,0.648,10,-4.891,1,0.0358,0.583,0,0.115,0.466,75.977,160240,4
What Else Can I Do?,"Diane Guerrero,Stephanie Beatriz",85,0.718,0.709,4,-5.568,1,0.039,0.258,0,0.101,0.54,119.974,179427,4
COMPLETE MESS,5 Seconds of Summer,79,0.398,0.519,7,-6.926,1,0.0315,0.0573,1.86e-05,0.191,0.133,81.377,206361,4
Tom's Diner,"AnnenMayKantereit,Giant Rooks",88,0.68,0.428,6,-8.107,0,0.135,0.376,0.000344,0.355,0.334,98.222,269333,4
Bones,Imagine Dragons,89,0.773,0.742,5,-3.678,0,0.046,0.0206,0,0.0754,0.571,114.071,165265,4
Get Into It (Yuh),Doja Cat,88,0.912,0.655,8,-6.029,0,0.162,0.315,3.39e-05,0.0894,0.793,91.942,138293,4
By Your Side,Rod Wave,80,0.649,0.508,8,-10.232,1,0.0959,0.0345,3.59e-05,0.0736,0.405,157.975,194051,4
4KT Baby,YoungBoy Never Broke Again,66,0.608,0.814,6,-6.466,0,0.447,0.0316,0,0.0959,0.654,167.962,137143,4
City of Gods,"Fivio Foreign,Kanye West,Alicia Keys",85,0.474,0.801,8,-5.978,0,0.375,0.102,0,0.322,0.497,147.356,256000,4
"Blood All On it (feat. Key Glock, Young Dolph)","Gucci Mane,Key Glock,Young Dolph",67,0.858,0.7,7,-4.677,1,0.258,0.0277,0,0.109,0.825,140.08,234869,4
Desesperados,"Rauw Alejandro,Chencho Corleone",92,0.869,0.694,1,-3.35,0,0.0783,0.356,0.00125,0.0878,0.511,90.02,224997,4
Monëy so big,Yeat,87,0.693,0.575,2,-7.633,1,0.0906,0.121,0,0.104,0.353,138.016,160052,4
Closer (feat. H.E.R.),"Saweetie,H.E.R.",75,0.833,0.691,6,-5.771,1,0.133,0.139,2.99e-05,0.131,0.866,110.985,168873,4
Chosen (feat. Ty Dolla $ign),"Blxst,Tyga,Ty Dolla $ign",83,0.571,0.767,2,-5.16,1,0.287,0.336,0,0.0809,0.605,93.421,161684,4
Love It When You Hate Me (feat. blackbear),"Avril Lavigne,blackbear",73,0.611,0.803,5,-4.368,1,0.0394,0.00437,1.41e-06,0.604,0.624,92.497,145103,4
Dancing Feet (feat. DNCE),"Kygo,DNCE",84,0.75,0.797,0,-4.826,1,0.118,0.293,0,0.392,0.523,105.949,215203,4
Don't Forget My Love,"Diplo,Miguel",71,0.638,0.872,2,-6.221,1,0.0415,0.0241,0.0159,0.118,0.253,121.041,199091,4
Out of Time,The Weeknd,84,0.65,0.76,0,-4.422,0,0.0446,0.255,0,0.339,0.838,93.057,214194,4
House On Fire,Mimi Webb,81,0.61,0.747,2,-4.543,1,0.109,0.0245,0,0.106,0.439,150.088,140803,4
I’m Tired (with Zendaya) - Bonus Track,"Labrinth,Zendaya",88,0.375,0.133,0,-10.624,0,0.0352,0.651,0,0.0695,0.192,131.721,187944,4
High,The Chainsmokers,84,0.601,0.787,0,-6.178,1,0.031,0.0492,0,0.142,0.525,134.981,175163,4
Weatherman,Eddie Benjamin,72,0.772,0.437,6,-6.877,1,0.0298,0.183,0,0.243,0.814,96.971,145979,3
let you,iann dior,75,0.593,0.848,7,-5.059,0,0.0888,0.241,0,0.139,0.7,170.202,151725,4
Don't Lose Sight,Lawrence,63,0.539,0.741,7,-5.075,0,0.244,0.0767,7.04e-06,0.144,0.75,153.921,208067,4
Cold,Chris Stapleton,67,0.555,0.505,1,-7.334,0,0.0333,0.0519,0.00361,0.148,0.293,117.481,309853,4
Praise The Lord (feat. Thomas Rhett),"BRELAND,Thomas Rhett",70,0.826,0.603,1,-7.659,0,0.0737,0.0474,0,0.0831,0.681,107.494,160290,4
All Too Well (10 Minute Version) (Taylor's Version) (From The Vault),Taylor Swift,88,0.631,0.518,0,-8.771,1,0.0303,0.274,0,0.088,0.205,93.023,613027,4
Wild Hearts,Keith Urban,68,0.605,0.786,4,-4.138,1,0.0379,0.00276,0,0.347,0.512,116.995,182930,4
7500 OBO,Tim McGraw,73,0.528,0.718,7,-6.954,1,0.0337,0.1,0,0.304,0.51,155.759,221400,4
Fall In Love,Bailey Zimmerman,75,0.524,0.643,9,-6.055,1,0.0297,0.451,0,0.221,0.397,135.962,232059,4
Leave You Alone,Kane Brown,75,0.447,0.538,5,-7.258,1,0.0338,0.119,0,0.188,0.453,123.746,214239,3
Ghost Story,Carrie Underwood,71,0.479,0.742,7,-5.587,1,0.0539,0.0069,0.000834,0.278,0.454,142.909,181400,3
Truth About You,Mitchell Tenpenny,73,0.492,0.708,10,-4.639,1,0.0334,0.0975,0,0.12,0.697,161.989,203037,4
Wishful Drinking (with Sam Hunt),"Ingrid Andress,Sam Hunt",76,0.678,0.528,10,-7.317,1,0.0551,0.289,0,0.0734,0.614,79.018,194545,4
Best Thing Since Backroads,Jake Owen,72,0.512,0.841,7,-3.8,1,0.0309,0.0424,0.000257,0.113,0.33,156.077,187433,4
Where We Started,"Thomas Rhett,Katy Perry",71,0.6,0.533,2,-6.555,1,0.0256,0.272,0,0.0927,0.626,139.94,182027,4
Pick Me Up,Gabby Barrett,72,0.472,0.701,2,-4.563,1,0.0369,0.0387,0,0.107,0.515,79.805,169440,4
Narcissist,Avery Anna,67,0.322,0.48,1,-5.989,1,0.0492,0.746,0,0.113,0.304,73.476,154027,4
Last Night Lonely,Jon Pardi,74,0.646,0.816,6,-2.65,1,0.0269,0.00496,0,0.179,0.865,102.972,181991,4
Up,Luke Bryan,70,0.432,0.488,3,-7.128,1,0.0305,0.298,9.5e-05,0.158,0.222,176.038,183597,4
Wild as Her,Corey Kent,75,0.497,0.726,0,-6.018,1,0.0363,0.00331,0,0.103,0.418,147.91,201639,4
Joy Of My Life,Chris Stapleton,70,0.63,0.485,3,-8.955,1,0.0299,0.223,0.0535,0.103,0.398,149.23,274520,4
New Truck,Dylan Scott,70,0.529,0.755,1,-5.864,1,0.125,0.222,0,0.0986,0.528,96.86,174360,4
From Austin,Zach Bryan,77,0.5,0.485,0,-7.94,1,0.0422,0.633,1.26e-06,0.107,0.379,109.755,207453,4
Wilder Days,Morgan Wade,75,0.502,0.662,9,-4.041,1,0.0293,0.00322,0.00274,0.119,0.4,110.917,251293,4
Growing Old With You,Restless Road,73,0.478,0.516,5,-7.276,1,0.0267,0.403,0,0.0823,0.376,80.09,196008,4
Dear Alcohol,Dax,74,0.815,0.504,1,-9.617,1,0.0471,0.262,0,0.102,0.401,129.984,236308,4
At the End of a Bar,"Chris Young,Mitchell Tenpenny",68,0.494,0.782,3,-4.228,1,0.0409,0.0443,0,0.0921,0.44,75.932,186373,4
Never Til Now,"Ashley Cooke,Brett Young",58,0.382,0.408,10,-7.552,1,0.0407,0.75,0,0.127,0.128,77.063,173534,4
With A Woman You Love,Justin Moore,64,0.611,0.756,7,-4.483,1,0.0288,0.0587,0,0.378,0.596,106.012,167376,4
No Hard Feelings,Old Dominion,73,0.636,0.866,4,-5.796,1,0.0553,0.243,5.42e-06,0.371,0.963,85.004,191360,4
Soul,Lee Brice,69,0.789,0.642,11,-8.304,1,0.0352,0.357,0,0.0985,0.755,121.003,167680,4
Son Of A Sinner,Jelly Roll,62,0.365,0.541,7,-7.489,1,0.0304,0.0419,2.25e-06,0.281,0.329,86.041,232093,4
Happier Than Ever,Billie Eilish,91,0.332,0.225,0,-8.697,1,0.0348,0.767,0.00349,0.128,0.297,81.055,298899,3
Meet Me At Our Spot,"THE ANXIETY,WILLOW,Tyler Cole",88,0.773,0.47,2,-7.93,1,0.0299,0.0153,0.000193,0.0851,0.399,94.995,162680,4
Everlong,Foo Fighters,85,0.413,0.881,11,-5.541,0,0.0367,5.99e-05,0.000308,0.0805,0.364,158.066,250547,4
Black Summer,Red Hot Chili Peppers,80,0.417,0.682,1,-5.071,1,0.0295,0.0267,0.000669,0.109,0.351,105.542,232412,4
maybe (feat. Bring Me The Horizon),"Machine Gun Kelly,Bring Me The Horizon",80,0.601,0.92,5,-4.802,0,0.0505,0.000735,0,0.0998,0.537,88.014,170134,4
emo girl (feat. WILLOW),"Machine Gun Kelly,WILLOW",77,0.412,0.881,2,-3.502,1,0.087,0.00039,5.82e-05,0.923,0.359,165.012,159096,4
IDGAF (with blackbear),"BoyWithUke,blackbear",87,0.783,0.75,5,-5.762,1,0.078,0.426,0,0.241,0.88,97.953,140665,4
Infinity,Jaymes Young,94,0.671,0.673,11,-6.941,0,0.0444,0.148,5.29e-05,0.304,0.494,121.963,237720,4
ay! (feat. Lil Wayne),"Machine Gun Kelly,Lil Wayne",77,0.742,0.617,2,-6.689,1,0.0345,0.05,5.92e-05,0.0711,0.491,147.002,124188,4
Notion,The Rare Occasions,90,0.309,0.883,9,-3.825,1,0.0808,0.0673,0.00111,0.0849,0.312,159.488,195121,4
Toxic,BoyWithUke,91,0.594,0.612,8,-6.627,0,0.363,0.835,0,0.461,0.687,179.629,168020,4
Sunroof,"Nicky Youre,dazy",84,0.768,0.716,10,-5.11,1,0.0404,0.35,0,0.15,0.841,131.43,163026,4
My Hero,Foo Fighters,78,0.398,0.927,9,-4.212,1,0.0567,6.2e-05,0.000177,0.0575,0.311,77.106,260027,4
drug dealer (feat. Lil Wayne),"Machine Gun Kelly,Lil Wayne",78,0.633,0.717,10,-3.875,1,0.0493,0.00602,0,0.151,0.602,142.951,172283,4
Alien Blues,Vundabar,86,0.467,0.757,3,-5.093,1,0.033,0.0807,0.908,0.0876,0.433,82.282,155933,4
fake love don't last (feat. iann dior),"Machine Gun Kelly,iann dior",78,0.659,0.733,8,-4.878,1,0.0577,0.0226,0,0.205,0.763,146.053,143205,4
"die in california (feat. Gunna, Young Thug & Landon Barker)","Machine Gun Kelly,Gunna,Young Thug,Landon Barker",78,0.765,0.606,2,-7.495,1,0.0572,0.238,4.14e-06,0.088,0.197,98.948,207008,4
Heaven Help Me,Zach Williams,59,0.513,0.627,3,-7.455,1,0.0429,0.64,2.79e-06,0.165,0.109,143.988,202284,4
twin flame,Machine Gun Kelly,76,0.402,0.27,0,-8.275,1,0.0342,0.46,0,0.235,0.123,140.036,239212,3
Wild Child,The Black Keys,73,0.68,0.639,5,-6.233,0,0.0278,0.017,5.09e-06,0.0398,0.957,106.991,164867,4
Looking Out for You,Joy Again,83,0.682,0.9,9,-5.028,1,0.0874,0.0884,0.063,0.0685,0.937,100.721,179499,4
The Rumbling,SiM,82,0.459,0.878,5,-1.399,0,0.0688,5.62e-05,0.000307,0.371,0.494,144.852,220799,4
Highway Boys,Zach Bryan,72,0.484,0.362,0,-8.989,1,0.05,0.125,1.39e-05,0.103,0.299,153.911,220035,4
ZOMBIFIED,Falling In Reverse,76,0.544,0.911,10,-3.681,0,0.0422,0.000141,8.89e-06,0.333,0.558,91.033,218521,4
5150,Machine Gun Kelly,77,0.535,0.94,11,-4.811,1,0.0973,0.000181,0.00134,0.0631,0.536,157.994,174849,4
Here Ever After,Red Hot Chili Peppers,75,0.738,0.974,7,-4.185,0,0.0961,0.0117,0.819,0.131,0.554,120.037,230343,4
These Are the Ways,Red Hot Chili Peppers,75,0.42,0.905,9,-5.419,1,0.0804,0.00016,0.0212,0.253,0.306,127.62,236217,4
god save me,Machine Gun Kelly,77,0.536,0.809,4,-5.47,1,0.0898,0.0297,0,0.292,0.604,168.003,180469,4
SOLD OUT,HARDY,70,0.504,0.893,9,-4.801,1,0.0488,0.00556,1.83e-05,0.34,0.333,145.005,202912,4
My Love - Edit,Florence + The Machine,75,0.534,0.87,9,-4.428,0,0.075,0.00127,0,0.355,0.328,121.841,177511,4
sid & nancy,Machine Gun Kelly,76,0.579,0.792,6,-5.499,0,0.0326,0.000404,0,0.207,0.637,125.033,189982,4
This Side of Paradise,Coyote Theory,84,0.306,0.664,9,-6.07,1,0.0276,0.432,7.5e-06,0.135,0.321,158.283,242010,4
born with horns,Machine Gun Kelly,77,0.569,0.919,11,-5.378,1,0.135,0.00089,9.44e-05,0.0524,0.256,95.073,147944,4
Planet Zero,Shinedown,69,0.416,0.964,9,-2.967,1,0.112,2.35e-05,0.000875,0.473,0.212,157.925,222739,4
Won’t Stand Down,Muse,73,0.514,0.882,7,-4.406,1,0.0862,0.0043,2.52e-06,0.156,0.424,104.85,209061,4
mainstream sellout,Machine Gun Kelly,76,0.541,0.693,1,-4.252,1,0.0612,0.000209,0.00103,0.0553,0.483,142.086,107849,4
Aquatic Mouth Dance,Red Hot Chili Peppers,74,0.671,0.884,5,-4.987,0,0.07,0.00413,0.0186,0.147,0.811,99.631,260792,4
Plan A,Paulo Londra,93,0.583,0.834,0,-4.875,1,0.0444,0.0495,0,0.0658,0.557,173.935,178203,4
So Called Life,Three Days Grace,72,0.502,0.905,2,-4.162,1,0.0634,0.00021,0,0.0601,0.481,160.064,206277,4
"What, Me Worry?",Portugal. The Man,69,0.722,0.889,3,-2.564,0,0.0416,0.0682,4.77e-06,0.124,0.743,139.965,177397,4
Love Brand New,Bob Moses,62,0.483,0.851,11,-3.674,0,0.0693,0.00632,0.000277,0.141,0.202,92.94,198480,4
A Little Bit of Love,Weezer,65,0.586,0.83,2,-6.088,1,0.0265,0.0135,0,0.0993,0.337,92.328,164360,4
Beggin',Måneskin,91,0.714,0.8,11,-4.808,0,0.0504,0.127,0,0.359,0.589,134.002,211560,4
MYSTERY,Turnstile,66,0.403,0.892,0,-6.244,1,0.0913,0.00374,0.0113,0.882,0.185,163.991,155200,4
Bad Dream,Cannons,64,0.662,0.845,5,-6.173,0,0.0352,0.0211,0.108,0.342,0.679,114.957,202502,4
WHERE WE ARE,The Lumineers,71,0.573,0.507,11,-8.084,1,0.0342,0.759,1.37e-06,0.377,0.363,123.183,172800,4
Head Right,Wilderado,56,0.54,0.811,5,-3.534,1,0.0315,0.00519,0,0.127,0.677,145.009,197738,4
DiE4u,Bring Me The Horizon,74,0.355,0.919,7,-3.771,1,0.356,0.00234,0.000313,0.262,0.259,159.922,207141,4
Love Dies Young,Foo Fighters,60,0.502,0.977,3,-3.563,1,0.0581,0.00121,0,0.129,0.388,139.995,261547,4
Loved You A Little (with Taking Back Sunday and Charlotte Sands),"The Maine,Taking Back Sunday,Charlotte Sands",69,0.484,0.828,11,-5.197,1,0.0543,0.0288,0,0.313,0.577,195.999,207281,4
KEEP IT UP,Rex Orange County,74,0.708,0.477,8,-7.297,1,0.0565,0.292,1.75e-06,0.255,0.733,149.929,183000,4
I'll Call You Mine,girl in red,68,0.612,0.727,4,-5.141,1,0.0492,0.173,5.61e-05,0.273,0.677,119.907,201946,4
Re-Entry (feat. Mark Hoppus),"A Day To Remember,Mark Hoppus",64,0.435,0.852,0,-4.895,1,0.0781,9.45e-05,4.34e-05,0.393,0.382,128.627,172928,4
Seventeen Going Under,Sam Fender,73,0.477,0.873,1,-4.946,1,0.0355,0.00471,0.00589,0.0813,0.611,161.948,302360,4
People of The Pride,Coldplay,68,0.432,0.613,4,-6.785,0,0.0349,0.00581,0.0151,0.312,0.0911,136.362,217267,4
On My Knees,RÜFÜS DU SOL,68,0.683,0.571,1,-7.721,1,0.0286,0.0335,0.0616,0.0957,0.29,120.044,261001,4
Virginia (Wind In The Night),The Head And The Heart,62,0.265,0.79,7,-3.702,1,0.0366,0.00699,0,0.0523,0.248,136.075,205293,4
The Funeral,YUNGBLUD,73,0.576,0.869,7,-4.339,1,0.0339,8.57e-05,7.1e-05,0.0573,0.746,92.538,211198,4
Ramon Ayala,Giovannie and the Hired Guns,64,0.491,0.873,4,-4.112,1,0.0623,0.00129,5.52e-05,0.255,0.526,182.077,168312,4
Memory,Windser,53,0.624,0.718,1,-5.946,1,0.0312,0.0436,0.00311,0.119,0.663,153.915,197200,4
Shut Off The Lights,Bastille,71,0.624,0.908,10,-3.215,1,0.0992,0.408,0,0.139,0.659,105.048,187364,4
Synchronize,Milky Chance,72,0.728,0.82,11,-6.198,0,0.031,0.00898,0.000216,0.176,0.652,124.001,164577,4
Dead Man Walking,Jelly Roll,63,0.561,0.823,8,-6.81,1,0.034,0.000159,0.000506,0.154,0.161,92.0,201280,4
Especially You,Wallows,63,0.546,0.95,2,-3.386,1,0.133,0.0375,6.3e-05,0.0942,0.757,94.923,181120,4
Move Me,half•alive,61,0.637,0.606,3,-5.697,1,0.0533,0.0744,0.0777,0.176,0.466,155.005,216533,1
Valentine,Snail Mail,58,0.488,0.623,0,-4.873,1,0.0317,0.000713,0,0.131,0.171,129.874,196173,4
Chaise Longue,Wet Leg,70,0.684,0.749,7,-6.565,1,0.06,0.00135,0.111,0.141,0.935,160.021,196905,4
Faith,Culture Wars,45,0.689,0.742,6,-5.59,1,0.0313,0.00238,0.0554,0.0682,0.632,107.047,186806,4
Hayloft II,Mother Mother,79,0.326,0.866,9,-4.541,0,0.101,0.0044,7.37e-06,0.0912,0.172,178.181,215040,4
Pepas,Farruko,92,0.762,0.766,7,-3.955,1,0.0343,0.00776,6.98e-05,0.128,0.442,130.001,287120,4
When I’m Gone (with Katy Perry),"Alesso,Katy Perry",85,0.685,0.886,0,-4.179,1,0.034,0.028,0,0.481,0.615,125.034,161267,4
Do It To It,"ACRAZE,Cherish",93,0.854,0.806,11,-8.262,0,0.0886,0.0209,0.0542,0.0703,0.637,124.927,157890,4
Where Are You Now,"Lost Frequencies,Calum Scott",94,0.671,0.636,6,-8.117,0,0.103,0.515,0.000411,0.172,0.262,120.966,148197,4
El Incomprendido,"Farruko,Victor Cardenas,Dj Adoni",78,0.754,0.841,11,-3.19,1,0.135,0.113,0,0.466,0.541,128.019,267547,4
Frozen,"Madonna,Sickick",83,0.706,0.633,1,-9.584,1,0.0419,0.267,0.0192,0.175,0.375,110.005,120157,4
You Were Loved (with OneRepublic),"Gryffin,OneRepublic",77,0.636,0.69,10,-5.011,1,0.0484,0.0947,0,0.169,0.444,123.994,221885,4
Moth To A Flame (with The Weeknd),"Swedish House Mafia,The Weeknd",90,0.542,0.659,8,-7.289,1,0.0389,0.00279,0,0.105,0.109,120.122,234000,4
"SG (with Ozuna, Megan Thee Stallion & LISA of BLACKPINK)","DJ Snake,Ozuna,Megan Thee Stallion,LISA",82,0.8,0.837,6,-2.807,0,0.0491,0.00406,0.00313,0.0904,0.702,100.015,225600,4
What Would You Do?,"Joel Corry,David Guetta,Bryson Tiller",81,0.694,0.884,9,-3.017,1,0.0395,0.161,0.00343,0.117,0.768,123.98,174215,4
Broken In All The Right Places,"Lost Kings,MOD SUN",64,0.626,0.81,2,-5.179,1,0.0903,0.0552,0,0.122,0.521,155.207,165672,4
Escape (feat. Hayla),"Kx5,deadmau5,Kaskade,Hayla",77,0.66,0.799,9,-6.934,0,0.0719,0.179,0.000364,0.701,0.148,126.08,240445,4
Beg For You (feat. Rina Sawayama),"Charli XCX,Rina Sawayama",79,0.788,0.945,9,-5.091,1,0.0599,0.223,2.97e-06,0.115,0.466,128.036,168053,4
Tell It To My Heart,"MEDUZA,Hozier",82,0.539,0.715,11,-6.639,0,0.0595,0.0265,0,0.609,0.489,123.854,165524,4
The Last Goodbye (feat. Bettye LaVette),"ODESZA,Bettye LaVette",78,0.667,0.92,9,-2.71,1,0.0773,0.00752,0.00232,0.126,0.146,114.977,358983,4
Where Did You Go? (feat. MNEK),"Jax Jones,MNEK",85,0.763,0.782,7,-4.541,0,0.0346,0.182,7.08e-06,0.293,0.502,127.034,177689,4
iPad,The Chainsmokers,80,0.665,0.628,2,-6.297,1,0.026,0.00502,2.02e-05,0.0947,0.551,121.979,202406,4
Everything But You (feat. A7S),"Clean Bandit,A7S",76,0.679,0.764,6,-5.301,1,0.0391,0.031,9.05e-06,0.0951,0.471,124.977,198015,4
Sirens (feat. Caroline Polachek),"Flume,Caroline Polachek",67,0.325,0.746,6,-3.358,0,0.0789,0.124,0.0016,0.0992,0.0831,73.534,238019,4
Sahara,Hensonn,81,0.615,0.521,2,-9.488,1,0.0318,0.146,0.772,0.11,0.045,115.016,171385,4
Follow,"Martin Garrix,Zedd",76,0.588,0.78,11,-6.102,0,0.0432,0.0333,0.193,0.0728,0.201,127.085,221220,4
Story Of My Life (feat. Trippie Redd),"ILLENIUM,Sueco,Trippie Redd",70,0.521,0.892,3,-4.029,1,0.0433,0.0539,0,0.117,0.369,96.991,191124,4
Intimidated (feat. H.E.R.),"KAYTRANADA,H.E.R.",74,0.738,0.75,11,-3.654,0,0.219,0.0167,0.00976,0.174,0.342,112.009,207840,4
Run Into Trouble,"Alok,Bastille",73,0.621,0.885,6,-4.593,1,0.0415,0.265,0,0.0719,0.411,117.021,182564,4
Move Your Body,"Öwnboss,Sevek",85,0.848,0.821,2,-5.408,0,0.0527,0.0169,0.000403,0.0962,0.249,125.051,157445,4
Human (feat. Echoes),"John Summit,Echoes",72,0.544,0.856,5,-6.84,0,0.0314,0.00162,0.818,0.0763,0.233,125.992,219048,4
Love Letter (feat. The Knocks),"ODESZA,The Knocks",70,0.635,0.835,8,-2.876,1,0.0589,0.0948,0.0119,0.285,0.216,109.987,253122,4
Don’t Wake Me Up,"Jonas Blue,Why Don't We",81,0.621,0.747,11,-5.084,1,0.0337,0.222,0.000194,0.147,0.426,124.015,188894,4
Follow Me,"Sam Feldt,Rita Ora",80,0.673,0.729,6,-4.879,1,0.0496,0.083,0,0.1,0.675,122.023,169672,4
Redlight,"Swedish House Mafia,Sting",76,0.716,0.655,2,-5.999,1,0.0444,0.00857,0.162,0.0572,0.207,125.012,242905,4
Original Sin,Sofi Tukker,73,0.779,0.727,11,-8.59,0,0.053,0.165,0.0194,0.32,0.455,124.021,171599,4
Limitless,"Martin Garrix,Mesto",69,0.603,0.832,1,-5.089,1,0.0339,0.0867,0.732,0.0713,0.26,126.012,146682,4
Say Nothing (feat. MAY-A),"Flume,MAY-A",73,0.478,0.822,2,-1.961,0,0.0642,0.101,6.6e-05,0.12,0.309,130.058,232959,4
Better Now (feat. MARO),"ODESZA,MARO",67,0.444,0.796,6,-5.826,0,0.111,0.326,2.08e-06,0.161,0.354,88.72,194111,4
Waterfall,"Disclosure,RAYE",74,0.691,0.733,11,-6.887,0,0.0572,0.0212,5.61e-05,0.0894,0.834,128.038,232120,4
Run,"Becky Hill,Galantis",79,0.601,0.879,2,-2.673,0,0.0353,0.0313,0,0.0793,0.589,124.013,188732,4
Heart So Big,"Matoma,A R I Z O N A",64,0.613,0.873,7,-5.553,1,0.0493,0.0116,0.0512,0.118,0.46,104.958,216000,4
Down Under (feat. Colin Hay),"Luude,Colin Hay",79,0.308,0.861,11,-4.112,0,0.172,0.012,0.00103,0.277,0.0386,171.966,158774,4
Hallucination,"Regard,Years & Years",78,0.687,0.788,6,-5.142,0,0.0352,0.0121,0,0.358,0.669,123.02,174795,4
Hits 2021 - Mashup,"Trinix Remix,Trinix",77,0.537,0.687,0,-8.71,0,0.109,0.194,3.18e-05,0.076,0.485,123.596,162650,4
INTO THE UNKNOWN,Hardwell,66,0.457,0.954,8,-8.58,1,0.107,0.00127,0.778,0.297,0.0273,127.969,238125,3
Discoteca - Deorro Remix,"IAmChino,Pitbull,Deorro",63,0.743,0.986,4,-2.089,0,0.0761,0.0262,0.262,0.337,0.612,127.967,190312,4
Good Luck,"Mabel,Jax Jones,Galantis",75,0.696,0.792,0,-5.659,1,0.0494,0.113,0,0.0564,0.445,121.962,235418,4
Shinigami Eyes,Grimes,73,0.632,0.691,9,-5.226,0,0.0603,0.00604,0.00149,0.19,0.0768,116.028,159315,4
Belly Dancer,"Imanbek,BYOR",77,0.845,0.797,1,-4.984,1,0.139,0.0582,5.57e-06,0.167,0.422,121.985,151475,4
DÁKITI,"Bad Bunny,Jhay Cortez",85,0.731,0.573,4,-10.059,0,0.0544,0.401,5.22e-05,0.113,0.145,109.928,205090,4
Yonaguni,Bad Bunny,93,0.644,0.648,1,-4.601,1,0.118,0.276,0,0.135,0.44,179.951,206710,4
X ÚLTIMA VEZ,"Daddy Yankee,Bad Bunny",89,0.812,0.855,7,-3.725,1,0.0554,0.0789,0.000167,0.108,0.573,90.04,192477,4
Sigue,"J Balvin,Ed Sheeran",86,0.889,0.641,7,-4.494,1,0.0668,0.0515,2.75e-05,0.19,0.588,87.99,159387,4
Chale,Eden Muñoz,88,0.551,0.436,8,-8.029,1,0.0428,0.395,0,0.0719,0.862,188.651,170745,3
Forever My Love,"J Balvin,Ed Sheeran",0,0.622,0.257,0,-9.811,1,0.0293,0.478,0,0.0954,0.174,79.924,190893,4
Si Tu Me Busca,"Anuel AA,Yailin la Mas Viral",72,0.787,0.576,11,-5.181,0,0.263,0.496,0,0.108,0.36,93.817,272053,4
Sus Huellas,Romeo Santos,78,0.822,0.781,11,-4.687,1,0.0513,0.0778,0,0.0993,0.887,126.04,216737,4
Ya No Somos Ni Seremos,Christian Nodal,88,0.588,0.452,7,-4.75,1,0.0268,0.437,0,0.344,0.734,139.953,185723,4
Si Te Pudiera Mentir,Calibre 50,86,0.764,0.585,2,-7.796,1,0.0305,0.348,0.00294,0.369,0.89,90.013,255640,4
REMIX,Daddy Yankee,81,0.819,0.781,1,-4.879,1,0.0547,0.0323,0.0012,0.121,0.385,100.062,163680,4
Fumando Mota,Los Lara,78,0.599,0.499,7,-6.549,1,0.0685,0.49,1.64e-06,0.0897,0.562,170.907,201205,3
Medallo,"Blessd,Justin Quiles,Lenny Tavárez",91,0.787,0.7,4,-4.598,0,0.0768,0.568,0.00051,0.663,0.791,90.02,233453,4
"Colombia, Mi Encanto",Carlos Vives,80,0.718,0.88,0,-7.567,1,0.11,0.0223,0,0.908,0.814,124.007,175280,4
No Le Aflojo,"Los Gemelos De Sinaloa,Fuerza Regida",74,0.698,0.687,5,-4.115,0,0.0501,0.195,0,0.0829,0.773,116.765,202876,4
Cada Quien,"Grupo Firme,Maluma",82,0.707,0.833,3,-2.498,1,0.0517,0.137,0,0.115,0.788,110.062,197781,3
Andamos Mejor,Los Gemelos De Sinaloa,79,0.855,0.59,9,-8.55,1,0.0751,0.28,0.0982,0.149,0.283,110.016,137184,4
Ojos Rojos,Nicky Jam,80,0.789,0.763,9,-4.404,1,0.0858,0.0269,5.04e-05,0.153,0.251,98.019,152111,4
Sensual Bebé,Jhay Cortez,83,0.776,0.629,0,-6.09,1,0.0505,0.0268,0,0.114,0.104,97.066,209147,4
Tacones Rojos,Sebastian Yatra,88,0.748,0.856,11,-3.517,0,0.0348,0.0824,0,0.142,0.927,123.031,189320,4
WOW BB,"Natti Natasha,El Alfa,Chimbala",74,0.805,0.838,0,-3.182,1,0.0846,0.148,2.02e-05,0.107,0.65,128.074,191250,4
Una Noche en Medellín,Cris Mj,94,0.87,0.548,10,-5.253,0,0.077,0.0924,4.6e-05,0.0534,0.832,96.018,153750,4
Si Me Ven,Los Gemelos De Sinaloa,78,0.767,0.666,7,-4.951,1,0.13,0.427,3.71e-06,0.243,0.532,111.879,174432,1
Ojos Cerrados,"Banda MS de Sergio Lizárraga,Carin Leon",80,0.513,0.345,7,-7.579,1,0.0691,0.336,0,0.0584,0.68,79.981,180750,4
Ahí Donde Me Ven,Ángela Aguilar,70,0.652,0.521,2,-4.333,1,0.0328,0.4,0,0.109,0.4,119.976,244642,4
Me Acostumbre A Lo Bueno,Fuerza Regida,78,0.715,0.739,6,-3.779,0,0.041,0.578,0,0.0887,0.963,101.611,140984,3
Mujeriego,Ryan Castro,88,0.758,0.621,9,-8.033,1,0.125,0.0628,0,0.0809,0.92,79.949,142500,4
Y Si Se Quiere Ir,"Luis Angel ""El Flaco""",78,0.777,0.467,3,-4.605,1,0.0559,0.552,0,0.0403,0.969,145.065,187280,3
Súbelo,"Anuel AA,Myke Towers,Jhay Cortez",76,0.625,0.754,6,-4.158,0,0.076,0.17,3.76e-05,0.109,0.746,89.888,239797,4
No,Alfredo Olivas,69,0.668,0.703,9,-6.563,1,0.0614,0.0717,0,0.155,0.784,160.119,187240,4
Te Espero,"Prince Royce,Maria Becerra",77,0.733,0.689,10,-5.083,0,0.0307,0.345,0,0.0429,0.828,126.943,246850,4
Fuera De Servicio,El Fantasma,69,0.778,0.445,8,-5.178,1,0.0416,0.675,2.05e-06,0.283,0.969,116.973,154869,4
Borracho,"Sech,DJ Khaled",81,0.787,0.748,8,-3.752,0,0.0797,0.571,0,0.214,0.703,93.006,219750,4
Fuera del mercado,Danny Ocean,90,0.453,0.673,8,-5.649,1,0.144,0.32,0,0.131,0.266,92.06,159849,4
Los Botones Azules,"Junior H,Luis R Conriquez",79,0.784,0.737,5,-2.174,1,0.0758,0.0877,0,0.1,0.623,97.5,135612,3
HOT,"Daddy Yankee,Pitbull",78,0.898,0.677,11,-6.422,0,0.243,0.0223,0,0.35,0.578,130.027,154493,4
Híbrido,Virlan Garcia,75,0.65,0.542,6,-6.016,0,0.0434,0.61,0,0.15,0.972,80.877,174293,3
Deprimida,Ozuna,81,0.811,0.728,1,-4.424,0,0.0619,0.0609,0.000658,0.137,0.725,88.001,217627,4
Los Mire Con Talento,"Fuerza Regida,Luis R Conriquez,Calle 24",78,0.54,0.549,2,-6.612,1,0.293,0.394,0,0.103,0.628,184.414,163000,3
RUMBATÓN,Daddy Yankee,86,0.685,0.909,3,-4.034,0,0.0396,0.0471,0,0.35,0.922,95.004,248769,4
Nada de Nada,Marc Anthony,72,0.559,0.914,1,-2.441,1,0.0766,0.537,0,0.136,0.613,192.011,252100,4
2010,Mora,75,0.755,0.698,10,-5.554,1,0.106,0.14,0,0.12,0.678,176.022,171691,4
Me Vale Perderte,Banda Rancho Viejo De Julio Aramburo La Bandononona,61,0.745,0.665,0,-5.188,1,0.0363,0.156,0,0.0778,0.972,114.985,152773,3
In Jesus Name (God Of Possible),Katy Nichole,64,0.504,0.706,6,-5.093,1,0.0424,0.287,0,0.0772,0.146,141.74,222039,4
Jesus Is Coming Back (feat. Mandisa & Jonathan Traylor),"Jordan Feliz,Jonathan Traylor,Mandisa",53,0.578,0.685,7,-4.723,1,0.0333,0.184,0,0.318,0.546,144.066,213747,4
In The House,Crowder,61,0.59,0.832,8,-5.115,0,0.055,0.0804,0,0.27,0.614,154.94,179367,4
Weary Traveler,Jordan St. Cyr,54,0.485,0.511,4,-5.644,1,0.035,0.383,0,0.13,0.285,72.04,200329,4
Promises (feat. Joe L Barnes & Naomi Raine),"Maverick City Music,Joe L Barnes,Naomi Raine",70,0.362,0.421,10,-11.699,1,0.0372,0.281,6.2e-05,0.0943,0.233,114.669,646239,4
Heart of the Father,Ryan Ellis,57,0.596,0.49,10,-6.701,1,0.0331,0.0879,0,0.18,0.294,139.952,243476,4
Praise God,Kanye West,86,0.798,0.545,1,-6.466,1,0.168,0.00904,9.48e-05,0.258,0.212,118.029,226653,4
My God Is Still The Same,Sanctus Real,61,0.445,0.821,1,-5.146,1,0.136,0.0129,0,0.357,0.398,164.154,205147,4
The Commission,CAIN,56,0.328,0.282,5,-7.813,1,0.0342,0.753,4.14e-06,0.106,0.166,86.854,196220,1
Come What May +,"We Are Messengers,Cory Asbury",58,0.405,0.633,6,-5.364,1,0.0354,0.0483,0,0.109,0.217,173.12,201671,3
Brighter Days,Blessing Offor,56,0.391,0.412,10,-6.367,1,0.035,0.0442,0,0.0814,0.288,172.441,208692,4
For God Is With Us,for KING & COUNTRY,62,0.338,0.643,4,-7.093,0,0.0681,0.0102,1.98e-05,0.11,0.15,75.571,196846,4
Walking Free,Micah Tyler,55,0.617,0.589,2,-5.034,1,0.0266,0.0519,0,0.111,0.49,84.979,201000,4
"God, Turn It Around",Jon Reddick,55,0.523,0.409,9,-9.653,1,0.0295,0.184,1.3e-05,0.0696,0.106,80.972,255320,3
Sunday Sermons,Anne Wilson,58,0.417,0.738,0,-6.815,1,0.0615,0.0909,0,0.577,0.469,195.985,200440,4
Egypt - Studio Version,Cory Asbury,55,0.436,0.802,5,-5.015,0,0.0499,0.0539,0,0.113,0.202,153.842,200360,4
For The Good,Riley Clemmons,59,0.532,0.735,7,-5.54,1,0.0425,0.0771,0,0.124,0.319,77.044,206496,4
Too Good To Not Believe - Radio Version,"Brandon Lake,Jenn Johnson",49,0.457,0.82,0,-5.964,1,0.0615,0.0349,0,0.346,0.355,143.854,265893,4
See Me Through It,Brandon Heath,54,0.51,0.565,0,-6.488,1,0.0761,0.144,0,0.0897,0.691,172.192,148657,4
LION (feat. Chris Brown & Brandon Lake),"Elevation Worship,Chris Brown,Brandon Lake",70,0.436,0.547,2,-8.527,0,0.034,0.0465,0,0.685,0.0613,134.035,354305,4
Desesperado - English,Evan Craft,52,0.68,0.908,3,-4.406,1,0.103,0.0848,0,0.157,0.783,92.072,172385,4
Me on Your Mind,Matthew West,56,0.459,0.661,0,-5.024,1,0.0344,0.0584,0,0.117,0.303,143.951,239431,3
Same God (feat. Jonsal Barrientes),"Elevation Worship,Jonsal Barrientes",65,0.41,0.462,1,-10.061,1,0.0315,0.203,0,0.372,0.0917,144.398,481803,4
I Will Carry You - Radio Version,Ellie Holcomb,55,0.486,0.688,6,-6.441,1,0.0353,0.0133,0,0.0925,0.329,147.102,198907,4
Fake It,"Tauren Wells,Aaron Cole",59,0.737,0.784,5,-4.416,0,0.113,0.211,0,0.105,0.891,114.964,186484,4
Speak To The Mountains,Chris McClarney,56,0.256,0.721,8,-5.789,1,0.0606,0.0196,0,0.107,0.183,140.014,304000,3
Hymn Of Heaven,Phil Wickham,60,0.455,0.46,4,-6.661,1,0.0315,0.32,0,0.0996,0.211,70.942,267773,4
Jireh (feat. Chandler Moore & Naomi Raine) - Radio Version,"Maverick City Music,Chandler Moore,Naomi Raine",45,0.346,0.621,3,-6.805,1,0.0378,0.311,0,0.0914,0.411,139.324,284838,4
Fill My Cup,Andrew Ripp,52,0.339,0.639,5,-5.162,1,0.0313,0.0679,0,0.291,0.565,83.132,207085,4
Honey In The Rock - Live,"Brooke Ligertwood,Brandon Lake",65,0.508,0.503,2,-8.65,1,0.0298,0.202,0,0.105,0.394,123.962,283964,4
Dancing On The Waves,We The Kingdom,51,0.429,0.561,4,-6.593,1,0.0247,0.131,0,0.132,0.322,97.3,269027,3
That's The Power - Live,"Hillsong Worship,Benjamin Hastings",52,0.458,0.634,10,-8.282,1,0.0327,0.0107,0,0.235,0.094,74.008,274534,4
What I See (feat. Chris Brown),"Elevation Worship,Chris Brown",62,0.465,0.845,5,-6.354,1,0.0352,0.000894,0,0.697,0.332,147.925,276036,4
Always,Chris Tomlin,58,0.405,0.532,0,-7.063,1,0.0289,0.00788,0,0.0792,0.27,157.95,247295,3
Firm Foundation (He Won't),"Maverick City Music,Cody Carnes,Chandler Moore",65,0.172,0.559,1,-7.824,1,0.0424,0.324,0,0.0704,0.261,85.777,524757,1
The Healing,"Blanca,Dante Bowe",47,0.53,0.539,8,-4.938,1,0.0299,0.0699,0,0.176,0.222,89.942,229253,4
God Is Good,Francesca Battistelli,56,0.547,0.593,3,-6.385,1,0.0303,0.276,0,0.21,0.45,92.041,197800,4
Yes He Does,Stars Go Dim,53,0.317,0.593,2,-4.966,1,0.0403,0.189,0,0.0989,0.201,111.521,206607,4
STAND,Newsboys,54,0.458,0.689,1,-4.468,1,0.0327,0.194,0,0.0749,0.216,158.062,203924,3
Talk 2 Me,Montell Fish,73,0.464,0.126,11,-16.383,1,0.0647,0.816,3.67e-06,0.559,0.181,103.176,139806,4
Found,Zach Webb,62,0.232,0.0332,10,-23.396,0,0.0346,0.904,0.00333,0.36,0.0824,80.977,311171,1
This Is the Kingdom (feat. Pat Barrett),"Elevation Worship,Pat Barrett",61,0.31,0.54,9,-9.267,1,0.0333,0.223,0,0.101,0.116,145.61,597585,3
What He's Done - Live From Passion 2022,"Passion,Kristian Stanfill,Tasha Cobbs Leonard,Anna Golden",57,0.257,0.553,1,-8.001,1,0.0356,0.0167,1.83e-05,0.0843,0.17,140.619,397216,4
"Breathe (feat. Chandler Moore, Jonathan McReynolds, DOE & Mav City Gospel Choir) - Studio Version","Maverick City Music,Chandler Moore,Jonathan McReynolds,DOE,Mav City Gospel Choir",62,0.311,0.612,1,-5.944,1,0.038,0.00377,0,0.113,0.117,148.008,326500,4
Getting Started - Radio Version,"Jeremy Camp,Tedd T.",51,0.372,0.763,2,-5.448,1,0.0606,0.028,0,0.0863,0.171,180.024,219444,3
Too Good To Not Believe,"Cody Carnes,Brandon Lake",61,0.334,0.634,0,-7.282,1,0.0425,0.017,0,0.113,0.143,143.708,332693,4
I Believe It Now,"Sidewalk Prophets,Olivia Lane",52,0.543,0.749,7,-4.673,0,0.0452,0.0368,0,0.264,0.356,152.051,228887,4
Crazy People,Casting Crowns,48,0.654,0.799,6,-5.357,1,0.0643,0.0294,0,0.328,0.751,110.0,148413,4
[wonder working],All Creatures,42,0.628,0.843,4,-2.71,1,0.0387,0.155,0,0.127,0.623,154.923,180413,4
Kingdom Come,"Rebecca St. James,for KING & COUNTRY",49,0.618,0.605,0,-8.471,0,0.0397,0.0234,3.41e-06,0.118,0.204,107.978,238667,4
Wavelength,"Paul Hardcastle,Rock Hendricks",29,0.631,0.682,8,-9.736,0,0.0259,0.081,0.741,0.09,0.573,100.006,289627,4
Be Strong,"Greg Manning,Jimmy Reid",28,0.756,0.655,1,-8.767,1,0.0639,0.474,0.701,0.0738,0.667,102.105,274776,4
Out to Lunch,Oli Silk,26,0.677,0.614,5,-9.085,0,0.0521,0.37,0.866,0.0846,0.935,163.895,224893,4
Let It Flow,Ryan La Valette,15,0.653,0.67,1,-11.203,1,0.0342,0.802,0.866,0.14,0.706,105.0,246375,4
Fire & Water,Carol Albert,19,0.584,0.764,0,-7.15,1,0.0314,0.221,0.606,0.324,0.715,93.991,250808,4
Shadow Dancer,Vincent Ingala,24,0.795,0.639,6,-7.854,0,0.0399,0.147,0.535,0.024,0.787,102.972,246387,4
Keep It Comin',Paula Atherton,16,0.7,0.866,5,-5.979,0,0.0527,0.0355,0.404,0.0804,0.629,118.07,246573,4
Bridges - Radio Edit,Cal Harris Jr.,32,0.695,0.408,10,-13.109,0,0.0535,0.202,0.0395,0.128,0.451,103.756,245000,4
I Didn't Mean It,"Lindsey Webster,Brian Culbertson",32,0.67,0.747,7,-6.765,0,0.106,0.39,0,0.117,0.59,89.978,260899,4
What You Do To Me,Nick Colionne,30,0.679,0.667,5,-9.53,0,0.0313,0.729,0.827,0.0838,0.759,90.994,297750,4
Ride Along,"Gino Rosaria,Judah Sealy",18,0.685,0.757,5,-8.276,0,0.0279,0.179,0.178,0.248,0.844,107.961,259261,4
Feet First,Rick Braun,25,0.677,0.729,0,-6.543,1,0.0465,0.0898,0.262,0.0543,0.673,108.073,240907,4
Free to Fly,Lawson Rollins,33,0.711,0.703,11,-7.797,0,0.0364,0.36,0.591,0.129,0.88,113.994,298203,4
Gotta Get Up,Adam Hawley,16,0.689,0.905,11,-6.388,1,0.031,0.219,0.858,0.286,0.84,109.975,251613,4
Movin' N Groovin,"Tim Bowman,Michael Broening",31,0.648,0.624,2,-10.675,1,0.0276,0.701,0.923,0.245,0.525,101.979,264641,4
Just Chillin',"Paul Brown,Darren Rahn",24,0.591,0.573,9,-7.794,0,0.0297,0.7,0.502,0.0947,0.67,82.963,262812,4
Hammers of Love,Jonathan Fritzén,27,0.641,0.648,9,-8.641,0,0.028,0.623,0.901,0.369,0.531,104.014,274520,4
Deep Blue C,"Lisa Addeo,Ryan Montano",34,0.69,0.71,10,-10.062,0,0.036,0.0818,0.886,0.0367,0.783,99.015,266717,4
Feelings,"Nicholas Cole,Julian Vaughn",27,0.589,0.761,0,-10.692,1,0.0446,0.148,0.688,0.0623,0.943,159.983,301591,4
Side Street,Hiroshima,21,0.706,0.749,4,-8.733,0,0.0439,0.61,0.88,0.134,0.814,99.983,269204,4
Miami,JJ Sansaverino,26,0.753,0.775,4,-7.191,0,0.0331,0.197,0.238,0.479,0.567,109.947,249587,4
A Midnight Rendezvous,David Benoit,31,0.66,0.651,5,-10.758,0,0.0269,0.295,0.835,0.336,0.588,119.967,277280,4
SHINE!,"Kim Scott,Blake Aaron",22,0.658,0.592,1,-9.035,1,0.0363,0.488,0.942,0.147,0.585,98.945,261640,4
In Paradise,Gregory Goodloe,30,0.67,0.821,8,-5.82,0,0.0359,0.551,0.638,0.071,0.828,94.986,248433,4
The OG Bounce,Michael J Thomas,16,0.838,0.697,5,-6.066,1,0.0509,0.382,0.531,0.294,0.708,105.943,263413,4
Amore,Julian Vaughn,24,0.664,0.571,7,-11.089,0,0.0501,0.0332,0.112,0.111,0.345,100.003,232548,4
Take That,Julian Vaughn,21,0.714,0.68,1,-8.271,0,0.0289,0.121,0.853,0.0526,0.663,104.99,257753,4
Back At Ya,Norman Brown,32,0.744,0.546,10,-10.546,0,0.029,0.408,0.553,0.0968,0.79,119.944,222947,4
All I Want for Christmas Is You,Mariah Carey,72,0.336,0.627,7,-7.463,1,0.0384,0.164,0,0.0708,0.35,150.273,241107,4
Feliz Navidad,José Feliciano,56,0.513,0.831,2,-9.004,1,0.0383,0.55,0,0.336,0.963,148.837,182067,4
Rockin' Around The Christmas Tree,Brenda Lee,65,0.589,0.472,8,-8.749,1,0.0502,0.614,0,0.505,0.898,67.196,126267,4
A Holly Jolly Christmas - Single Version,Burl Ives,57,0.683,0.375,0,-13.056,1,0.0303,0.579,0,0.076,0.888,140.467,135533,4
Jingle Bell Rock,Bobby Helms,65,0.754,0.424,2,-8.463,1,0.0363,0.643,0,0.0652,0.806,119.705,130973,4
The Christmas Song (Merry Christmas To You),Nat King Cole,59,0.319,0.21,1,-15.231,1,0.0341,0.92,8.06e-05,0.138,0.209,78.696,192160,4
It's the Most Wonderful Time of the Year,Andy Williams,62,0.24,0.598,7,-8.435,1,0.0369,0.766,0,0.117,0.776,201.629,151933,3
Last Christmas,Wham!,69,0.735,0.478,2,-12.472,1,0.0293,0.189,2.48e-06,0.355,0.947,107.682,262960,4
Sleigh Ride,The Ronettes,58,0.529,0.772,2,-7.013,1,0.0287,0.403,2.21e-06,0.316,0.853,91.751,181267,4
Let It Snow! Let It Snow! Let It Snow!,Dean Martin,61,0.451,0.24,1,-14.014,1,0.0351,0.912,2.45e-06,0.175,0.701,134.009,117147,4
Christmas Eve / Sarajevo 12/24 - Instrumental,Trans-Siberian Orchestra,49,0.292,0.567,4,-9.487,0,0.0316,0.197,0.852,0.0947,0.156,186.405,205333,3
Here Comes Santa Claus (Right Down Santa Claus Lane) - 1947 Version,Gene Autry,51,0.834,0.371,1,-11.99,1,0.0358,0.799,0,0.275,0.976,96.628,150267,4
It's Beginning To Look A Lot Like Christmas,Johnny Mathis,7,0.626,0.395,8,-14.009,1,0.0451,0.757,5.05e-05,0.306,0.568,110.606,134627,4
Wonderful Christmastime - Edited Version / Remastered 2011,Paul McCartney,60,0.774,0.511,11,-8.914,1,0.0319,0.322,0,0.0672,0.771,94.736,227653,4
Happy Xmas (War Is Over) - Remastered 2010,"John Lennon,Yoko Ono",63,0.321,0.64,2,-10.023,1,0.0324,0.28,0,0.718,0.414,146.172,214333,3
Carol Of The Bells,David Foster,28,0.574,0.387,7,-11.655,0,0.0352,0.667,0.781,0.067,0.251,95.409,154533,3
Linus And Lucy,Vince Guaraldi Trio,52,0.496,0.388,8,-14.177,1,0.0382,0.787,0.939,0.167,0.694,81.772,185453,4
Rudolph the Red-Nosed Reindeer,Gene Autry,48,0.629,0.159,8,-14.056,1,0.0495,0.883,0,0.222,0.642,142.157,186733,4
Rudolph The Red-Nosed Reindeer,Burl Ives,52,0.67,0.275,0,-12.755,1,0.0385,0.671,0,0.199,0.806,152.649,130027,4
Last Christmas,Taylor Swift,49,0.702,0.77,5,-5.319,1,0.0372,0.31,0,0.149,0.685,116.009,208253,4
Santa Claus Is Coming To Town,The Jackson 5,56,0.692,0.762,0,-4.867,1,0.0342,0.424,1.27e-05,0.181,0.961,146.673,144013,4
Happy Holiday / The Holiday Season,Andy Williams,51,0.505,0.451,9,-10.193,0,0.0329,0.727,0,0.233,0.744,74.347,156867,4
Sleigh Ride,Leroy Anderson,36,0.416,0.597,5,-13.959,1,0.0336,0.625,0.147,0.31,0.813,123.772,161627,4
Please Come Home for Christmas - 2013 Remaster,Eagles,55,0.612,0.289,9,-11.568,1,0.0421,0.599,0.00266,0.0561,0.466,183.18,177440,3
Christmas Canon,Trans-Siberian Orchestra,44,0.286,0.362,2,-6.345,1,0.031,0.78,0.445,0.172,0.148,132.842,257987,4
It's Beginning To Look A Lot Like Christmas,Bing Crosby,50,0.464,0.259,3,-9.194,1,0.0379,0.869,0.000326,0.116,0.531,97.586,164613,4
White Christmas,"Bing Crosby,Ken Darby Singers,John Scott Trotter & His Orchestra",56,0.317,0.158,9,-16.485,1,0.0381,0.673,0.353,0.338,0.247,130.503,177480,3
Blue Christmas,Elvis Presley,57,0.465,0.27,4,-16.661,1,0.0425,0.9,0.00104,0.145,0.58,94.518,129173,4
"You're A Mean One, Mr. Grinch","Thurl Ravenscroft,Boris Karloff",49,0.517,0.484,2,-10.93,0,0.318,0.952,0.0075,0.129,0.42,141.914,315707,3
Ring Christmas Bells,"Ray Conniff,The Ray Conniff Singers",30,0.478,0.401,2,-14.884,1,0.0255,0.739,4.5e-05,0.128,0.396,80.301,149400,4
Jingle Bells - Remastered 1999,Frank Sinatra,0,0.706,0.383,8,-11.439,1,0.0346,0.764,0,0.0608,0.853,86.991,122160,4
It's Beginning to Look a Lot like Christmas,Michael Bublé,62,0.339,0.214,4,-11.714,1,0.0375,0.908,7.47e-06,0.341,0.363,94.775,206640,3
Let It Snow! Let It Snow! Let It Snow! (with The B. Swanson Quartet),"Frank Sinatra,B. Swanson Quartet",62,0.652,0.259,2,-13.336,1,0.0595,0.903,0,0.362,0.836,142.169,155453,4
Jingle Bell Rock - Daryl's Version,Daryl Hall & John Oates,55,0.666,0.841,2,-3.592,1,0.0312,0.613,0,0.113,0.84,128.706,126360,4
White Christmas,The Drifters,44,0.578,0.182,8,-10.424,1,0.0445,0.825,5e-06,0.144,0.477,127.374,158533,4
Do They Know It's Christmas? - 1984 Version,Band Aid,56,0.599,0.642,0,-6.936,1,0.0363,0.164,3.33e-05,0.0992,0.349,115.412,222533,4
Holly Jolly Christmas,Michael Bublé,57,0.647,0.465,7,-8.308,1,0.0428,0.865,0,0.0882,0.699,151.251,119787,4
Underneath the Tree,Kelly Clarkson,53,0.509,0.812,8,-5.439,1,0.0537,0.00128,1.99e-05,0.214,0.689,159.878,229640,4
Jingle Bell Rock,Brenda Lee,38,0.686,0.394,5,-9.601,1,0.039,0.673,0,0.175,0.826,122.933,130200,4
I Saw Mommy Kissing Santa Claus,The Jackson 5,0,0.582,0.705,3,-8.169,1,0.0539,0.29,1.38e-06,0.797,0.64,128.89,181360,4
Rockin' Around The Christmas Tree,LeAnn Rimes,14,0.66,0.692,5,-5.239,0,0.156,0.427,0,0.357,0.811,144.075,158000,4
"Santa Claus Is Comin' to Town - Live at C.W. Post College, Greenvale, NY - December 1975",Bruce Springsteen,55,0.357,0.668,0,-8.444,1,0.0479,0.362,1.37e-06,0.727,0.407,139.986,267600,4
It's The Most Wonderful Time Of The Year - Remastered 2007,Amy Grant,0,0.475,0.42,8,-7.53,1,0.0261,0.808,0,0.1,0.39,99.955,146560,3
"Where Are You Christmas - From ""Dr. Seuss' How The Grinch Stole Christmas"" Soundtrack",Faith Hill,46,0.266,0.333,10,-9.876,1,0.031,0.59,0,0.121,0.0796,109.479,247040,4
(There's No Place Like) Home For The Holidays,Carpenters,37,0.287,0.296,4,-14.797,1,0.0328,0.915,0,0.0849,0.428,83.792,155960,3
Santa Claus Is Coming To Town - Edit,Frank Sinatra,0,0.565,0.399,3,-10.378,1,0.05,0.669,0,0.243,0.679,141.671,134827,4
Do You Hear What I Hear,Carrie Underwood,31,0.296,0.505,7,-5.305,1,0.0289,0.594,0,0.1,0.135,77.562,251347,4
Winter Wonderland,Andy Williams,16,0.571,0.463,10,-8.949,1,0.0296,0.764,0,0.391,0.524,110.386,128573,4
Christmas In Hollis,Run–D.M.C.,47,0.819,0.702,11,-6.129,0,0.251,0.00463,0.000207,0.101,0.573,95.094,178613,4
Sleigh Ride (with Percy Faith & His Orchestra),"Johnny Mathis,Percy Faith & His Orchestra",41,0.605,0.663,1,-8.949,1,0.0274,0.699,0,0.121,0.893,103.18,178720,4
Hurricane,Kanye West,82,0.587,0.561,0,-6.569,1,0.146,0.0466,0,0.109,0.351,80.009,243187,4
Jireh (feat. Chandler Moore & Naomi Raine),"Elevation Worship,Maverick City Music,Chandler Moore,Naomi Raine",68,0.335,0.639,3,-6.598,1,0.0369,0.265,0,0.107,0.381,139.912,598995,4
Moon,Kanye West,81,0.319,0.236,5,-9.644,1,0.0318,0.898,1.62e-05,0.272,0.254,162.351,156091,4
Off The Grid,Kanye West,80,0.546,0.64,8,-5.582,1,0.37,0.0438,0,0.137,0.63,137.728,339250,4
Believe What I Say,Kanye West,74,0.595,0.656,7,-7.868,1,0.247,0.148,0,0.47,0.416,99.811,242400,4
Jail,Kanye West,75,0.458,0.571,4,-6.739,1,0.0949,0.535,0.000305,0.0846,0.586,110.013,297000,4
Life Of The Party (with André 3000),"Kanye West,André 3000",67,0.502,0.714,2,-6.668,1,0.257,0.138,0,0.97,0.305,79.136,391656,4
My Portion,Jekalyn Carr,55,0.372,0.675,5,-5.344,1,0.0468,0.105,0,0.148,0.279,86.154,250988,4
Amazing,Pastor Mike Jr.,42,0.39,0.62,10,-5.733,0,0.052,0.118,0,0.152,0.311,83.06,206696,4
No Greater Love,"Rudy Currence,Chrisette Michele",47,0.447,0.584,7,-6.63,0,0.0537,0.629,0,0.113,0.419,139.878,288963,4
Jail pt 2,Kanye West,67,0.7,0.572,4,-6.459,1,0.0515,0.453,0,0.0871,0.686,109.985,297000,4
Never On My Own (feat. Deborah Joy Winans),"Juan Winans,Deborah Joy Winans",37,0.564,0.902,11,-4.21,1,0.227,0.0357,0.000195,0.131,0.945,198.072,224309,4
Gotta Believe,Tasha Cobbs Leonard,49,0.602,0.589,1,-5.778,1,0.0427,0.232,0,0.579,0.802,134.982,170844,4
New Again,Kanye West,68,0.67,0.675,6,-4.624,0,0.179,0.0581,0,0.433,0.263,90.948,183297,4
Old Church Basement (feat. Dante Bowe),"Elevation Worship,Maverick City Music,Dante Bowe",65,0.45,0.562,8,-7.881,1,0.0373,0.428,0,0.348,0.46,149.572,402803,4
MY GOD,Jor'dan Armstrong,50,0.726,0.716,11,-7.244,0,0.0576,0.0172,0,0.113,0.607,95.812,181176,4
He Did It for Me - Live,Tamela Mann,50,0.285,0.611,5,-5.935,1,0.0458,0.115,5.27e-06,0.272,0.351,149.307,410235,3
So Good,DOE,47,0.671,0.59,1,-6.959,0,0.0261,0.299,1.09e-06,0.126,0.482,89.985,191621,4
Get Lucky (feat. Pharrell Williams & Nile Rodgers),"Daft Punk,Pharrell Williams,Nile Rodgers",80,0.81,0.793,6,-9.404,0,0.0403,0.0378,1.77e-06,0.072,0.863,116.05,369627,4
Play Hard,"David Guetta,Akon,Ne-Yo",3,0.691,0.921,8,-1.702,0,0.0535,0.174,0,0.331,0.802,130.072,201000,4
I Could Be The One (Avicii Vs. Nicky Romero) - Radio Edit,"Avicii,Nicky Romero",64,0.509,0.79,6,-3.782,0,0.0374,0.332,6.67e-05,0.316,0.638,127.946,208320,4
#thatPOWER,"will.i.am,Justin Bieber",72,0.797,0.608,6,-6.096,0,0.0584,0.00112,7.66e-05,0.0748,0.402,127.999,279507,4
I Need Your Love (feat. Ellie Goulding),"Calvin Harris,Ellie Goulding",73,0.695,0.869,8,-5.066,1,0.0483,0.41,0,0.237,0.58,124.989,234507,4
This Is What It Feels Like,"Armin van Buuren,Trevor Guthrie",69,0.551,0.833,8,-5.217,1,0.03,0.0391,2.77e-06,0.0632,0.145,129.885,204360,5
Get Up (Rattle),"Bingo Players,Far East Movement",59,0.802,0.981,7,-2.708,1,0.0658,0.0204,3.55e-06,0.256,0.804,127.974,166760,4
Reload - Radio Edit,"Sebastian Ingrosso,Tommy Trash,John Martin",71,0.485,0.724,9,-4.633,0,0.0521,0.0736,0,0.0631,0.433,128.045,221273,4
Scream & Shout,"will.i.am,Britney Spears",81,0.772,0.685,5,-6.849,1,0.0696,0.019,8.96e-05,0.131,0.501,130.033,283400,4
I Love It (feat. Charli XCX),"Icona Pop,Charli XCX",72,0.711,0.906,8,-2.671,1,0.0284,0.00952,1.64e-05,0.153,0.824,125.916,157153,4
Feel This Moment (feat. Christina Aguilera),"Pitbull,Christina Aguilera",80,0.673,0.758,7,-3.632,1,0.158,0.039,0,0.341,0.542,135.956,229507,4
Can't Hold Us (feat. Ray Dalton),"Macklemore & Ryan Lewis,Macklemore,Ryan Lewis,Ray Dalton",85,0.641,0.922,2,-4.457,1,0.0786,0.0291,0,0.0862,0.847,146.078,258343,4
Apollo - Radio Edit,"Hardwell,Amba Shepherd",48,0.56,0.742,9,-6.122,1,0.0666,0.015,0.0134,0.639,0.275,128.06,209766,4
Gentleman,PSY,64,0.882,0.736,3,-2.892,0,0.116,0.00222,0,0.0515,0.582,125.995,194547,4
As Your Friend,"Afrojack,Chris Brown",1,0.634,0.769,6,-3.86,1,0.0688,0.046,0,0.103,0.763,128.073,239987,4
Thrift Shop (feat. Wanz),"Macklemore & Ryan Lewis,Macklemore,Ryan Lewis,Wanz",77,0.781,0.526,6,-6.986,0,0.293,0.0633,0,0.0457,0.665,94.993,235613,4
She Makes Me Go - Feat. Sean Paul,"Arash,Sean Paul",35,0.722,0.87,2,-3.965,0,0.0324,0.0713,0,0.132,0.55,133.013,178080,4
Clarity,"Zedd,Foxes",78,0.509,0.781,8,-3.48,1,0.072,0.0398,0,0.0749,0.176,128.0,271427,4
Hold On,NERVO,42,0.31,0.78,7,-4.228,0,0.0765,0.0241,0.0007,0.11,0.0761,128.033,180000,4
Sweet Nothing (feat. Florence Welch),"Calvin Harris,Florence Welch",74,0.573,0.929,8,-3.942,0,0.109,0.197,0.000112,0.0567,0.582,127.934,212560,4
Right Now,"Rihanna,David Guetta",57,0.668,0.64,3,-5.208,0,0.0888,0.049,0,0.0675,0.259,130.004,181627,4
Alive,Krewella,58,0.663,0.822,9,-2.909,1,0.0557,0.00413,0.00318,0.234,0.567,128.002,290760,4
Like Home - Radio Edit,"Nicky Romero,NERVO",44,0.575,0.888,2,-2.802,0,0.04,0.116,5.96e-05,0.333,0.236,127.908,200156,4
If I Lose Myself - Alesso vs OneRepublic,"OneRepublic,Alesso",60,0.523,0.782,2,-4.846,1,0.041,0.219,1.03e-05,0.133,0.164,125.998,214813,4
Don't You Worry Child - Radio Edit,"Swedish House Mafia,John Martin",79,0.612,0.84,11,-3.145,0,0.0509,0.112,0,0.116,0.438,129.042,212862,4
Need U (100%) (feat. A*M*E) - Radio Edit,"Duke Dumont,A*M*E",63,0.67,0.848,0,-5.103,0,0.0538,0.00172,0.00168,0.385,0.457,124.031,174122,4
Bella Vita - DJ Antoine vs Mad Mark 2k13 Radio Edit,"DJ Antoine,Mad Mark 2k13",29,0.722,0.846,10,-5.015,1,0.159,0.0138,0,0.162,0.563,125.07,203827,4
Watch Out For This (Bumaye),"Major Lazer,Busy Signal,The Flexican,FS Green",62,0.819,0.759,10,-4.115,0,0.147,0.0196,6.53e-06,0.0613,0.88,108.026,269147,4
Hey Now (feat. Kyle),"Martin Solveig,The Cataracs,KYLE",36,0.712,0.957,0,-1.924,1,0.0794,0.00552,1.8e-06,0.103,0.703,128.035,187500,4
Tonight I’m Getting Over You,Carly Rae Jepsen,48,0.72,0.776,10,-5.331,1,0.043,0.00549,0.000298,0.365,0.135,125.96,219213,4
Ode To Oi,TJR,54,0.923,0.842,11,-2.37,0,0.0663,0.000274,0.574,0.303,0.183,127.98,271875,4
Live It Up,"Jennifer Lopez,Pitbull",59,0.692,0.728,6,-5.13,1,0.171,0.0131,0,0.329,0.642,127.995,243787,4
People Like Us,Kelly Clarkson,48,0.6,0.787,6,-5.163,1,0.0366,0.043,0,0.358,0.608,127.977,258907,4
Right in the Night - Classic Mix 2k13,"Jam & Spoon,David May,Amfree,Plavka",39,0.705,0.879,8,-5.489,1,0.0355,0.0353,0,0.193,0.829,132.024,250013,4
Drinking from the Bottle (feat. Tinie Tempah),"Calvin Harris,Tinie Tempah",65,0.665,0.886,9,-4.175,0,0.0514,0.0469,6.24e-05,0.0525,0.53,128.062,240347,4
Let There Be Love,Christina Aguilera,46,0.543,0.899,7,-1.589,0,0.16,0.0219,4.88e-05,0.259,0.441,127.991,201547,4
Suit & Tie (feat. Jay-Z),"Justin Timberlake,JAY-Z",70,0.795,0.596,11,-3.799,0,0.219,0.103,0,0.164,0.357,101.985,326280,4
Therapy,Duke Dumont,53,0.521,0.888,4,-5.645,0,0.0443,0.00247,0.00108,0.115,0.115,125.986,220476,4
Forever Yours - Avicii Tribute,"Kygo,Avicii,Sandro Cavazza",63,0.529,0.612,10,-8.794,1,0.052,0.253,0,0.246,0.434,119.272,193847,4
Personal Jesus,Michelle Kash,21,0.628,0.554,0,-7.29,1,0.0275,0.233,3.46e-06,0.0886,0.0751,96.982,234622,4
Girls Night Out,Debbie Gibson,20,0.781,0.562,2,-9.321,0,0.047,0.00645,1.34e-06,0.0813,0.629,126.01,211622,4
Anthem,Désiré Bonnel,18,0.802,0.905,0,-6.106,1,0.055,0.144,0.886,0.132,0.701,121.012,159458,4
Born To Love,"MEDUZA,SHELLS",0,0.722,0.856,1,-6.392,0,0.0338,0.0305,0.0597,0.231,0.827,121.99,162295,4
Used To Love (with Dean Lewis),"Martin Garrix,Dean Lewis",68,0.651,0.693,4,-4.722,1,0.0375,0.458,0,0.335,0.392,118.97,236765,4
Don't Leave Me Lonely (feat. YEBBA),"Mark Ronson,Yebba",55,0.681,0.736,8,-7.501,1,0.0743,0.13,0.00511,0.073,0.26,106.958,216373,4
All Night Long,"Jonas Blue,RetroVision",51,0.572,0.811,6,-4.874,0,0.066,0.00887,5.65e-06,0.124,0.332,125.946,206667,4
Sad (feat. Afrojack),"Chico Rose,Afrojack",65,0.717,0.716,3,-5.485,0,0.0432,0.0421,0.000467,0.0699,0.206,125.064,161280,4
Deep Inside Of Me (feat. MKLA),"Vintage Culture,Adam K,MKLA",57,0.708,0.82,8,-6.591,0,0.0732,0.0654,0.625,0.211,0.197,121.013,230083,4
CP-1,"Love Regenerator,Calvin Harris",36,0.486,0.819,10,-8.357,0,0.0966,0.0428,0.695,0.11,0.0719,127.979,356267,4
Stupid Love,Lady Gaga,74,0.68,0.825,8,-4.296,1,0.0702,0.00173,0.000122,0.27,0.784,117.987,193533,4
Turn Your World Around - Disco Strings Mix,"Bimbo Jones,Thelma Houston",15,0.628,0.876,4,-7.735,0,0.0408,1.19e-05,0.671,0.288,0.744,127.044,204097,4
Good Man,Hilary Roberts,9,0.676,0.857,1,-3.777,0,0.0419,0.242,0,0.222,0.83,95.042,197855,4
American Beauty,ALYA,0,0.485,0.596,3,-5.122,0,0.0697,0.0269,2.77e-05,0.277,0.367,190.11,222673,4
(I'm Gonna) Love Me Again,"Elton John,Taron Egerton",59,0.596,0.882,1,-3.559,1,0.0341,0.0576,0,0.0757,0.846,127.993,250773,4
Money,Klaas,34,0.735,0.872,6,-5.266,1,0.0654,0.0124,0.00013,0.257,0.507,128.03,146719,4
Physical,"Dua Lipa,Hwa Sa",4,0.66,0.875,0,-3.333,1,0.0472,0.0281,0.00158,0.136,0.688,146.946,193697,4
Feels Like Love (Rob Moore Mix),"Raquela,Rob Moore",3,0.685,0.989,2,-5.453,1,0.045,0.00346,0.0383,0.0195,0.656,127.988,378512,4
Happy Together - Ralphi Rosario Club Mix,"Sir Ivan,Ralphi Rosario",10,0.684,0.939,6,-6.603,0,0.0362,0.000183,0.416,0.0248,0.446,127.004,399760,4
On My Mind,"Diplo,SIDEPIECE",74,0.771,0.729,7,-6.577,1,0.0408,0.00161,0.672,0.217,0.63,123.027,189268,4
Alive,Joey Suarez,3,0.605,0.868,7,-5.488,1,0.0381,0.00268,2.41e-05,0.114,0.498,127.992,245859,4
Time Machine,Alicia Keys,50,0.766,0.644,3,-5.754,0,0.0909,0.0185,0.00537,0.0909,0.491,105.984,270718,4
Living for the Music - Brett Oosterhaus All the Drama Remix,"Brett Oosterhaus,Debby Holiday",0,0.701,0.928,5,-4.424,0,0.0501,0.00119,0.698,0.0708,0.573,127.971,391875,4
Baila Conmigo,"Jennifer Lopez,Dayvi,Victor Cardenas",58,0.795,0.758,7,-6.032,0,0.0556,0.0365,0.0014,0.0706,0.593,128.005,163998,4
Impulse,"The Perry Twins,Jania",10,0.737,0.779,1,-6.82,1,0.0647,0.00674,0.035,0.0904,0.474,128.016,174844,4
Ain't No Taylor Swift,Ladi Rosa,0,0.847,0.6,5,-6.17,0,0.13,0.234,0.000123,0.0775,0.949,124.049,218710,4
A Palé - Gesaffelstein Remix,Gesaffelstein,38,0.78,0.488,1,-9.198,1,0.0909,0.0111,0.348,0.0806,0.0657,123.001,204320,4
Don't Start Now - Dom Dolla Remix,"Dua Lipa,Dom Dolla",11,0.862,0.897,2,-5.444,1,0.0365,0.0664,0.00543,0.263,0.603,123.998,210879,4
Second Chance (feat. Kimberly Davis),"The Shapeshifters,Kimberly Davis",41,0.762,0.838,10,-3.604,0,0.0394,0.0105,8.25e-05,0.376,0.889,122.044,204133,4
I Want It All - Timmy Loop Remix,"Julio Mena,Timmy Loop",0,0.874,0.501,1,-8.164,1,0.0636,0.00566,0.116,0.134,0.429,127.977,300000,4
React,The Pussycat Dolls,65,0.745,0.74,10,-5.719,0,0.0697,0.116,0,0.117,0.544,120.014,204176,4
I’m Alive,"Gaurika,Sean Kingston",7,0.717,0.797,6,-3.605,0,0.0658,0.0729,3.59e-06,0.051,0.455,95.017,195255,4
Drunk on You,BETTY REED,25,0.497,0.768,1,-6.15,0,0.0352,0.02,0,0.109,0.584,170.006,183053,4
Chaka Khan (Dave Audé Remix),"Andreas Moss,Sinclair,Dave Audé",11,0.728,0.92,2,-3.549,1,0.103,0.0187,4.65e-05,0.0625,0.753,124.028,235225,4
Dance Monkey,Tones And I,82,0.824,0.588,6,-6.4,0,0.0924,0.692,0.000104,0.149,0.513,98.027,209438,4
Watching You Watching Me - Tom Staar Remix,"Luciana,Dave Audé,Tom Staar",12,0.667,0.956,6,-2.707,1,0.058,6.81e-05,0.0232,0.0464,0.561,124.993,231941,4
Tonight,Radmila Lolly,34,0.606,0.671,2,-7.363,1,0.0331,0.0167,0.0947,0.478,0.0587,120.031,193817,4
"Boy, You Can Keep It",Alex Newell,48,0.809,0.858,7,-4.244,1,0.132,0.0492,6.99e-06,0.0695,0.909,120.029,147911,4
I Don’t Search I Find,Madonna,45,0.557,0.711,10,-5.572,0,0.0296,5.06e-05,0.597,0.185,0.207,122.047,248004,4
Good Thing,"LODATO,Bright Sparks",41,0.702,0.898,8,-5.449,1,0.0459,0.0293,2.82e-06,0.134,0.705,117.028,211282,4
Blinding Lights,The Weeknd,93,0.514,0.73,1,-5.934,1,0.0598,0.00146,9.54e-05,0.0897,0.334,171.005,200040,4
Family,"The Chainsmokers,Kygo",66,0.584,0.607,11,-6.605,1,0.0356,0.426,0,0.101,0.374,117.817,194827,4
Raising Hell (feat. Big Freedia),"Kesha,Big Freedia",56,0.69,0.864,1,-4.769,0,0.128,0.00142,6.81e-05,0.0681,0.313,114.975,169693,4
Anything for You,"Rosabel,Tamara Wallace",0,0.719,0.841,7,-8.59,0,0.0304,0.000407,0.202,0.0876,0.626,126.989,313819,4
I Luv U (with R3HAB),"Sofia Carson,R3HAB",54,0.875,0.558,1,-6.164,1,0.0641,0.0532,2.14e-05,0.116,0.44,96.072,150938,4
RITMO (Bad Boys For Life),"Black Eyed Peas,J Balvin",78,0.721,0.716,10,-7.037,0,0.0657,0.0334,0.00084,0.237,0.667,104.994,221714,4
Heels,Mike Jay,12,0.623,0.646,7,-7.306,1,0.0805,0.00672,0,0.167,0.381,100.0,201665,4
Mistakes - Rudeejay & Da Brozz Remix,"Jonas Blue,Paloma Faith,Rudeejay,Da Brozz",18,0.55,0.877,4,-3.768,1,0.11,0.0248,0,0.371,0.485,128.111,210308,4
Nightlife,"DJ Head,Danilo Botelho",0,0.725,0.867,10,-6.408,0,0.0471,0.0016,0.598,0.0525,0.469,127.967,382500,4
Lonely,Joel Corry,71,0.697,0.921,5,-4.283,1,0.0424,0.0946,1.9e-05,0.159,0.722,123.988,190955,4
Say So,Doja Cat,84,0.787,0.673,11,-4.583,0,0.159,0.264,3.35e-06,0.0904,0.779,110.962,237893,4
You should be sad,Halsey,77,0.591,0.585,2,-6.35,1,0.0277,0.143,0,0.109,0.324,110.94,205473,4
Butter,BTS,90,0.759,0.459,8,-5.187,1,0.0948,0.00323,0,0.0906,0.695,109.997,164442,4
Kiss Me More (feat. SZA),"Doja Cat,SZA",88,0.764,0.705,8,-3.463,1,0.0284,0.259,8.92e-05,0.12,0.781,110.97,208667,4
MONTERO (Call Me By Your Name),Lil Nas X,88,0.593,0.503,8,-6.725,0,0.22,0.293,0,0.405,0.71,178.781,137704,4
deja vu,Olivia Rodrigo,91,0.442,0.612,2,-7.222,1,0.112,0.584,5.7e-06,0.37,0.178,180.917,215507,4
Peaches (feat. Daniel Caesar & Giveon),"Justin Bieber,Daniel Caesar,Giveon",90,0.677,0.696,0,-6.181,1,0.119,0.321,0,0.42,0.464,90.03,198082,4
Astronaut In The Ocean,Masked Wolf,84,0.778,0.695,4,-6.865,0,0.0913,0.175,0,0.15,0.472,149.996,132780,4
RAPSTAR,Polo G,82,0.789,0.536,6,-6.862,1,0.242,0.41,0,0.129,0.437,81.039,165926,4
Forever After All,Luke Combs,80,0.487,0.65,0,-5.195,1,0.0253,0.191,0,0.0933,0.456,151.964,232533,4
Heartbreak Anniversary,Giveon,85,0.449,0.465,0,-8.964,1,0.0791,0.524,1.02e-06,0.303,0.543,89.087,198371,3
WITHOUT YOU,The Kid LAROI,84,0.662,0.413,0,-7.357,1,0.0299,0.213,0,0.134,0.467,93.005,161385,4
Beautiful Mistakes (feat. Megan Thee Stallion),"Maroon 5,Megan Thee Stallion",85,0.713,0.676,10,-5.483,1,0.027,0.0377,0,0.154,0.721,99.048,227395,4
EVERY CHANCE I GET (feat. Lil Baby & Lil Durk),"DJ Khaled,Lil Baby,Lil Durk",80,0.477,0.727,2,-4.053,1,0.286,0.000866,0,0.108,0.227,150.062,236524,4
Loner Life,YoungBoy Never Broke Again,65,0.641,0.553,2,-7.294,1,0.149,0.525,0,0.108,0.487,71.912,133333,4
Sleazy Flow,SleazyWorld Go,72,0.825,0.234,9,-14.202,1,0.495,0.235,9.54e-06,0.0696,0.18,77.487,111484,4
Wagwan,YoungBoy Never Broke Again,66,0.738,0.659,11,-6.012,0,0.367,0.0818,0,0.154,0.6,179.958,149333,4
Big tonka (feat. Lil Uzi Vert),"Yeat,Lil Uzi Vert",73,0.667,0.67,10,-7.081,0,0.124,0.00652,0,0.122,0.208,130.082,207760,4
The North Bleeding,YoungBoy Never Broke Again,64,0.681,0.579,2,-8.59,1,0.359,0.256,0,0.24,0.537,87.959,207241,4
3G (feat. Lil Uzi Vert),"Yeat,Lil Uzi Vert",72,0.758,0.572,1,-8.087,1,0.205,0.00773,1.18e-05,0.152,0.152,135.984,170640,4
Acclaimed Emotions,YoungBoy Never Broke Again,64,0.627,0.502,8,-9.275,0,0.262,0.203,0,0.377,0.492,149.066,180454,4
Playa (feat. H.E.R.),"A Boogie Wit da Hoodie,H.E.R.",71,0.724,0.777,10,-7.559,1,0.342,0.33,0,0.118,0.919,89.894,158268,4
MIDDLE OF THE NIGHT,Elley Duhé,95,0.41,0.611,4,-8.271,0,0.0467,0.0228,0,0.116,0.0899,185.727,184448,3
Just a Cloud Away,Pharrell Williams,83,0.888,0.459,2,-8.154,1,0.0357,0.426,0,0.11,0.704,112.56,176078,3
up at night (feat. justin bieber),"Kehlani,Justin Bieber",81,0.563,0.756,0,-3.852,0,0.0579,0.196,0,0.245,0.234,100.012,182227,4
DFMU,Ella Mai,73,0.681,0.668,6,-4.171,1,0.0628,0.533,0.00021,0.104,0.301,136.759,197517,4
Dandelions,Ruth B.,92,0.609,0.692,1,-2.958,1,0.0259,0.0157,0,0.0864,0.454,116.959,233720,3
I Got The Bag,YoungBoy Never Broke Again,65,0.666,0.635,0,-8.005,1,0.474,0.415,0,0.224,0.143,83.448,138262,5
Top Notch (feat. Fivio Foreign),"City Girls,Fivio Foreign",66,0.682,0.75,0,-3.72,1,0.201,0.268,0,0.47,0.277,70.916,169737,4
Everybody Shooters Too,"42 Dugg,EST Gee",68,0.751,0.446,1,-9.068,1,0.141,0.00875,1.16e-06,0.113,0.376,94.002,112560,4
Holy,YoungBoy Never Broke Again,64,0.746,0.454,7,-8.941,1,0.327,0.411,0,0.109,0.29,146.858,117551,4
Lord You Are My Everything (feat. Karen Clark-Sheard & Marvin Winans),"Byron Cage,Karen Clark Sheard,Marvin Winans",26,0.282,0.699,7,-6.186,0,0.135,0.359,0,0.473,0.34,176.729,515227,4
Your Presence Is a Gift,E. Dewey Smith,20,0.309,0.705,1,-5.041,1,0.0958,0.218,0,0.201,0.24,130.758,278490,4
Come By Here,Dawkins & Dawkins,27,0.593,0.785,3,-7.068,1,0.165,0.103,0,0.107,0.789,89.897,261550,4
STILL GON' TRUST,Joshua Rogers,34,0.293,0.431,5,-6.369,1,0.0319,0.699,0,0.115,0.404,132.38,297936,4
Never Knew Love,"Charles Jenkins & Fellowship Chicago,Stephanie Mills",30,0.698,0.851,0,-6.925,1,0.0852,0.211,0,0.31,0.801,117.983,255902,4
Hallelujah LIVE,Fred Hammond,26,0.509,0.941,2,-2.853,1,0.0614,0.0793,0.000246,0.29,0.297,95.01,387613,4
Stand Still,The Walls Group,43,0.59,0.658,5,-4.542,1,0.0847,0.0731,0,0.44,0.605,123.039,237109,4
He Kept Me,Lamont Sanders,17,0.525,0.783,9,-4.355,1,0.101,0.238,0,0.0963,0.57,74.904,209787,4
Something Good,Kenny Robinson,31,0.545,0.797,10,-4.948,1,0.0411,0.563,0,0.271,0.526,94.923,218322,4
Sure As,Brian Courtney Wilson,21,0.451,0.553,1,-8.489,1,0.0996,0.427,0,0.0863,0.636,87.116,286059,4
One Touch,Jabari Johnson,37,0.524,0.545,7,-8.232,1,0.0691,0.267,0,0.0862,0.333,160.078,436333,4
All Of My Help - Live,Ricky Dillard,35,0.449,0.861,1,-7.034,0,0.261,0.147,5.58e-06,0.73,0.438,179.784,518058,4
Never Let Me Down - Radio Edit,James Fortune,39,0.439,0.73,1,-5.135,1,0.077,0.00748,8.62e-05,0.19,0.416,82.006,249323,4
Satisfied - Radio Edit,"Todd Dulaney,Smokie Norful",41,0.552,0.81,1,-3.585,1,0.0525,0.148,0,0.0734,0.433,108.026,238750,4
Jehovah Jireh - Limited Version,"Zak Williams,1 Akord",20,0.778,0.873,7,-6.73,1,0.0772,0.0439,0,0.225,0.706,90.986,212000,4
Thankful,JJ Hairston,45,0.351,0.79,8,-5.54,1,0.0644,0.204,3.18e-06,0.114,0.271,173.08,710917,3
Let Him In,JOKIA,38,0.513,0.707,1,-6.06,1,0.0371,0.00548,0,0.132,0.244,139.974,219615,4
So Good 2 Me,"Bryan Popin,Steven J Collins",24,0.735,0.928,10,-4.838,0,0.0777,0.0114,0.00932,0.398,0.771,118.0,265602,4
Thank You (Radio Edit),Rufus Johnson,20,0.693,0.68,0,-4.112,1,0.0373,0.213,0,0.0768,0.652,90.01,242186,4
My Help,"Angela Moss Poole,Micah Stampley",16,0.303,0.815,6,-5.93,1,0.0915,0.0879,0,0.393,0.464,149.747,261038,4
All in Your Hands,Marvin Sapp,51,0.249,0.747,6,-6.31,1,0.0502,0.152,0,0.15,0.329,95.069,275944,3
Your Name,"Demetrius West,Demetrius West and Jesus Promoters",21,0.46,0.76,9,-3.631,1,0.0482,0.136,0,0.317,0.242,72.132,238569,4
I Believe (feat. Bishop Paul S. Morton),"Fred Jerkins,Bishop Paul S. Morton, Sr.",28,0.497,0.672,0,-5.253,1,0.0327,0.277,0,0.118,0.197,110.128,273160,4
Scared Money (feat. J. Cole and Moneybagg Yo),"YG,J. Cole,Moneybagg Yo",80,0.898,0.58,8,-7.632,0,0.26,0.0101,0,0.169,0.661,84.018,204286,4
Iffy,Chris Brown,72,0.415,0.83,6,-5.621,0,0.18,0.0144,0,0.14,0.485,194.746,173549,4
Chronicles (feat. H.E.R. & Lil Durk),"Cordae,H.E.R.,Lil Durk",74,0.678,0.527,4,-9.038,0,0.301,0.3,0,0.119,0.583,76.847,212077,4
Worst Day,Future,79,0.646,0.597,1,-6.045,1,0.401,0.11,0,0.0958,0.6,88.506,184893,4
Attention,"Omah Lay,Justin Bieber",82,0.817,0.72,5,-8.134,0,0.0809,0.172,0.000726,0.109,0.384,119.989,180563,4
Pop Music (feat. Moneybagg Yo & Beatking),"2 Chainz,Moneybagg Yo,BeatKing",63,0.908,0.596,2,-5.861,1,0.367,0.0896,1.7e-05,0.308,0.917,145.156,125374,4
Blick Blick (with Nicki Minaj),"Coi Leray,Nicki Minaj",78,0.916,0.824,8,-4.444,0,0.422,0.222,0.00108,0.0661,0.87,139.926,178413,4
MAGIC (feat. Mustard),"Vince Staples,Mustard",71,0.743,0.578,9,-6.653,0,0.184,0.273,7.77e-05,0.13,0.292,90.021,226006,4
R U That (feat. 21 Savage),"Shenseea,21 Savage",56,0.879,0.604,10,-6.723,0,0.043,0.0253,0,0.214,0.365,102.019,162071,4
Hate Our Love (with Big Sean),"Queen Naija,Big Sean",72,0.662,0.655,2,-5.44,1,0.26,0.462,0,0.124,0.356,82.079,226374,4
Wait Too Long (feat. Blxst),"Buddy,Blxst",63,0.605,0.548,1,-9.173,1,0.41,0.171,0,0.0987,0.58,92.986,186235,1
Usain Boo,Kodak Black,72,0.782,0.669,1,-4.58,1,0.213,0.0733,0,0.111,0.598,143.992,186678,4
Elon Musk (feat. Gunna),"DDG,Gunna",78,0.826,0.583,2,-5.186,0,0.0626,0.441,0,0.155,0.539,140.039,205759,4
My Everything,B-Lovee,58,0.458,0.445,7,-8.176,0,0.125,0.0319,0,0.135,0.0812,156.984,100963,4
